nationality,nationality_name,destination,destination_name,product,product_name,government_fee,government_fee_currency,service_available,processing,validity,official_source_name,official_source_url,requirements_url
AD,Andorra,ca,Canada,CANADA_ETA,Canada eTA,7,CAD,true,72 hours,5 years or until passport expiry,Government of Canada — eTA,https://www.canada.ca/en/immigration-refugees-citizenship/services/visit-canada/eta.html,https://chartavisa.com/visa/ad/ca
AD,Andorra,nz,New Zealand,NZ_ETA,NZeTA,123,NZD,true,72 hours,2 years or until passport expiry,Immigration New Zealand — Request an NZeTA,https://nzeta.immigration.govt.nz/,https://chartavisa.com/visa/ad/nz
AD,Andorra,uk,United Kingdom,UK_ETA,UK ETA,20,GBP,true,72 hours,2 years or until passport expiry,UK Government — Electronic Travel Authorisation,https://www.gov.uk/guidance/apply-for-an-electronic-travel-authorisation-eta,https://chartavisa.com/visa/ad/uk
AD,Andorra,us,United States,ESTA,ESTA,40.27,USD,true,72 hours,2 years or until passport expiry,U.S. Customs and Border Protection (CBP),https://esta.cbp.dhs.gov/,https://chartavisa.com/visa/ad/us
AE,United Arab Emirates,ca,Canada,CANADA_ETA,Canada eTA,7,CAD,true,72 hours,5 years or until passport expiry,Government of Canada — eTA,https://www.canada.ca/en/immigration-refugees-citizenship/services/visit-canada/eta.html,https://chartavisa.com/visa/ae/ca
AE,United Arab Emirates,etias,Schengen Area (ETIAS),ETIAS,ETIAS,20,EUR,false,72 hours,3 years or until passport expiry,European Union — Official ETIAS,https://travel-europe.europa.eu/etias_en,https://chartavisa.com/visa/ae/etias
AE,United Arab Emirates,nz,New Zealand,NZ_ETA,NZeTA,123,NZD,true,72 hours,2 years or until passport expiry,Immigration New Zealand — Request an NZeTA,https://nzeta.immigration.govt.nz/,https://chartavisa.com/visa/ae/nz
AE,United Arab Emirates,uk,United Kingdom,UK_ETA,UK ETA,20,GBP,true,72 hours,2 years or until passport expiry,UK Government — Electronic Travel Authorisation,https://www.gov.uk/guidance/apply-for-an-electronic-travel-authorisation-eta,https://chartavisa.com/visa/ae/uk
AE,United Arab Emirates,us,United States,DS160,US Visitor Visa (B1/B2),185,USD,true,Varies — embassy interview required,Typically up to 10 years (set at the interview),U.S. Department of State — DS-160 Online Nonimmigrant Visa Application,https://ceac.state.gov/genniv/,https://chartavisa.com/visa/ae/us
AG,Antigua & Barbuda,etias,Schengen Area (ETIAS),ETIAS,ETIAS,20,EUR,false,72 hours,3 years or until passport expiry,European Union — Official ETIAS,https://travel-europe.europa.eu/etias_en,https://chartavisa.com/visa/ag/etias
AG,Antigua & Barbuda,uk,United Kingdom,UK_ETA,UK ETA,20,GBP,true,72 hours,2 years or until passport expiry,UK Government — Electronic Travel Authorisation,https://www.gov.uk/guidance/apply-for-an-electronic-travel-authorisation-eta,https://chartavisa.com/visa/ag/uk
AL,Albania,etias,Schengen Area (ETIAS),ETIAS,ETIAS,20,EUR,false,72 hours,3 years or until passport expiry,European Union — Official ETIAS,https://travel-europe.europa.eu/etias_en,https://chartavisa.com/visa/al/etias
AL,Albania,us,United States,DS160,US Visitor Visa (B1/B2),185,USD,true,Varies — embassy interview required,Typically up to 10 years (set at the interview),U.S. Department of State — DS-160 Online Nonimmigrant Visa Application,https://ceac.state.gov/genniv/,https://chartavisa.com/visa/al/us
AM,Armenia,us,United States,DS160,US Visitor Visa (B1/B2),185,USD,true,Varies — embassy interview required,Typically up to 10 years (set at the interview),U.S. Department of State — DS-160 Online Nonimmigrant Visa Application,https://ceac.state.gov/genniv/,https://chartavisa.com/visa/am/us
AR,Argentina,etias,Schengen Area (ETIAS),ETIAS,ETIAS,20,EUR,false,72 hours,3 years or until passport expiry,European Union — Official ETIAS,https://travel-europe.europa.eu/etias_en,https://chartavisa.com/visa/ar/etias
AR,Argentina,nz,New Zealand,NZ_ETA,NZeTA,123,NZD,true,72 hours,2 years or until passport expiry,Immigration New Zealand — Request an NZeTA,https://nzeta.immigration.govt.nz/,https://chartavisa.com/visa/ar/nz
AR,Argentina,uk,United Kingdom,UK_ETA,UK ETA,20,GBP,true,72 hours,2 years or until passport expiry,UK Government — Electronic Travel Authorisation,https://www.gov.uk/guidance/apply-for-an-electronic-travel-authorisation-eta,https://chartavisa.com/visa/ar/uk
AR,Argentina,us,United States,DS160,US Visitor Visa (B1/B2),185,USD,true,Varies — embassy interview required,Typically up to 10 years (set at the interview),U.S. Department of State — DS-160 Online Nonimmigrant Visa Application,https://ceac.state.gov/genniv/,https://chartavisa.com/visa/ar/us
AS,American Samoa,us,United States,DS160,US Visitor Visa (B1/B2),185,USD,true,Varies — embassy interview required,Typically up to 10 years (set at the interview),U.S. Department of State — DS-160 Online Nonimmigrant Visa Application,https://ceac.state.gov/genniv/,https://chartavisa.com/visa/as/us
AT,Austria,ca,Canada,CANADA_ETA,Canada eTA,7,CAD,true,72 hours,5 years or until passport expiry,Government of Canada — eTA,https://www.canada.ca/en/immigration-refugees-citizenship/services/visit-canada/eta.html,https://chartavisa.com/visa/at/ca
AT,Austria,nz,New Zealand,NZ_ETA,NZeTA,123,NZD,true,72 hours,2 years or until passport expiry,Immigration New Zealand — Request an NZeTA,https://nzeta.immigration.govt.nz/,https://chartavisa.com/visa/at/nz
AT,Austria,uk,United Kingdom,UK_ETA,UK ETA,20,GBP,true,72 hours,2 years or until passport expiry,UK Government — Electronic Travel Authorisation,https://www.gov.uk/guidance/apply-for-an-electronic-travel-authorisation-eta,https://chartavisa.com/visa/at/uk
AT,Austria,us,United States,ESTA,ESTA,40.27,USD,true,72 hours,2 years or until passport expiry,U.S. Customs and Border Protection (CBP),https://esta.cbp.dhs.gov/,https://chartavisa.com/visa/at/us
AU,Australia,ca,Canada,CANADA_ETA,Canada eTA,7,CAD,true,72 hours,5 years or until passport expiry,Government of Canada — eTA,https://www.canada.ca/en/immigration-refugees-citizenship/services/visit-canada/eta.html,https://chartavisa.com/visa/au/ca
AU,Australia,etias,Schengen Area (ETIAS),ETIAS,ETIAS,20,EUR,false,72 hours,3 years or until passport expiry,European Union — Official ETIAS,https://travel-europe.europa.eu/etias_en,https://chartavisa.com/visa/au/etias
AU,Australia,uk,United Kingdom,UK_ETA,UK ETA,20,GBP,true,72 hours,2 years or until passport expiry,UK Government — Electronic Travel Authorisation,https://www.gov.uk/guidance/apply-for-an-electronic-travel-authorisation-eta,https://chartavisa.com/visa/au/uk
AU,Australia,us,United States,ESTA,ESTA,40.27,USD,true,72 hours,2 years or until passport expiry,U.S. Customs and Border Protection (CBP),https://esta.cbp.dhs.gov/,https://chartavisa.com/visa/au/us
AZ,Azerbaijan,us,United States,DS160,US Visitor Visa (B1/B2),185,USD,true,Varies — embassy interview required,Typically up to 10 years (set at the interview),U.S. Department of State — DS-160 Online Nonimmigrant Visa Application,https://ceac.state.gov/genniv/,https://chartavisa.com/visa/az/us
BA,Bosnia & Herzegovina,etias,Schengen Area (ETIAS),ETIAS,ETIAS,20,EUR,false,72 hours,3 years or until passport expiry,European Union — Official ETIAS,https://travel-europe.europa.eu/etias_en,https://chartavisa.com/visa/ba/etias
BA,Bosnia & Herzegovina,us,United States,DS160,US Visitor Visa (B1/B2),185,USD,true,Varies — embassy interview required,Typically up to 10 years (set at the interview),U.S. Department of State — DS-160 Online Nonimmigrant Visa Application,https://ceac.state.gov/genniv/,https://chartavisa.com/visa/ba/us
BB,Barbados,ca,Canada,CANADA_ETA,Canada eTA,7,CAD,true,72 hours,5 years or until passport expiry,Government of Canada — eTA,https://www.canada.ca/en/immigration-refugees-citizenship/services/visit-canada/eta.html,https://chartavisa.com/visa/bb/ca
BB,Barbados,etias,Schengen Area (ETIAS),ETIAS,ETIAS,20,EUR,false,72 hours,3 years or until passport expiry,European Union — Official ETIAS,https://travel-europe.europa.eu/etias_en,https://chartavisa.com/visa/bb/etias
BB,Barbados,uk,United Kingdom,UK_ETA,UK ETA,20,GBP,true,72 hours,2 years or until passport expiry,UK Government — Electronic Travel Authorisation,https://www.gov.uk/guidance/apply-for-an-electronic-travel-authorisation-eta,https://chartavisa.com/visa/bb/uk
BB,Barbados,us,United States,DS160,US Visitor Visa (B1/B2),185,USD,true,Varies — embassy interview required,Typically up to 10 years (set at the interview),U.S. Department of State — DS-160 Online Nonimmigrant Visa Application,https://ceac.state.gov/genniv/,https://chartavisa.com/visa/bb/us
BD,Bangladesh,us,United States,DS160,US Visitor Visa (B1/B2),185,USD,true,Varies — embassy interview required,Typically up to 10 years (set at the interview),U.S. Department of State — DS-160 Online Nonimmigrant Visa Application,https://ceac.state.gov/genniv/,https://chartavisa.com/visa/bd/us
BE,Belgium,ca,Canada,CANADA_ETA,Canada eTA,7,CAD,true,72 hours,5 years or until passport expiry,Government of Canada — eTA,https://www.canada.ca/en/immigration-refugees-citizenship/services/visit-canada/eta.html,https://chartavisa.com/visa/be/ca
BE,Belgium,nz,New Zealand,NZ_ETA,NZeTA,123,NZD,true,72 hours,2 years or until passport expiry,Immigration New Zealand — Request an NZeTA,https://nzeta.immigration.govt.nz/,https://chartavisa.com/visa/be/nz
BE,Belgium,uk,United Kingdom,UK_ETA,UK ETA,20,GBP,true,72 hours,2 years or until passport expiry,UK Government — Electronic Travel Authorisation,https://www.gov.uk/guidance/apply-for-an-electronic-travel-authorisation-eta,https://chartavisa.com/visa/be/uk
BE,Belgium,us,United States,ESTA,ESTA,40.27,USD,true,72 hours,2 years or until passport expiry,U.S. Customs and Border Protection (CBP),https://esta.cbp.dhs.gov/,https://chartavisa.com/visa/be/us
BG,Bulgaria,ca,Canada,CANADA_ETA,Canada eTA,7,CAD,true,72 hours,5 years or until passport expiry,Government of Canada — eTA,https://www.canada.ca/en/immigration-refugees-citizenship/services/visit-canada/eta.html,https://chartavisa.com/visa/bg/ca
BG,Bulgaria,nz,New Zealand,NZ_ETA,NZeTA,123,NZD,true,72 hours,2 years or until passport expiry,Immigration New Zealand — Request an NZeTA,https://nzeta.immigration.govt.nz/,https://chartavisa.com/visa/bg/nz
BG,Bulgaria,uk,United Kingdom,UK_ETA,UK ETA,20,GBP,true,72 hours,2 years or until passport expiry,UK Government — Electronic Travel Authorisation,https://www.gov.uk/guidance/apply-for-an-electronic-travel-authorisation-eta,https://chartavisa.com/visa/bg/uk
BG,Bulgaria,us,United States,DS160,US Visitor Visa (B1/B2),185,USD,true,Varies — embassy interview required,Typically up to 10 years (set at the interview),U.S. Department of State — DS-160 Online Nonimmigrant Visa Application,https://ceac.state.gov/genniv/,https://chartavisa.com/visa/bg/us
BH,Bahrain,nz,New Zealand,NZ_ETA,NZeTA,123,NZD,true,72 hours,2 years or until passport expiry,Immigration New Zealand — Request an NZeTA,https://nzeta.immigration.govt.nz/,https://chartavisa.com/visa/bh/nz
BH,Bahrain,uk,United Kingdom,UK_ETA,UK ETA,20,GBP,true,72 hours,2 years or until passport expiry,UK Government — Electronic Travel Authorisation,https://www.gov.uk/guidance/apply-for-an-electronic-travel-authorisation-eta,https://chartavisa.com/visa/bh/uk
BH,Bahrain,us,United States,DS160,US Visitor Visa (B1/B2),185,USD,true,Varies — embassy interview required,Typically up to 10 years (set at the interview),U.S. Department of State — DS-160 Online Nonimmigrant Visa Application,https://ceac.state.gov/genniv/,https://chartavisa.com/visa/bh/us
BN,Brunei,ca,Canada,CANADA_ETA,Canada eTA,7,CAD,true,72 hours,5 years or until passport expiry,Government of Canada — eTA,https://www.canada.ca/en/immigration-refugees-citizenship/services/visit-canada/eta.html,https://chartavisa.com/visa/bn/ca
BN,Brunei,etias,Schengen Area (ETIAS),ETIAS,ETIAS,20,EUR,false,72 hours,3 years or until passport expiry,European Union — Official ETIAS,https://travel-europe.europa.eu/etias_en,https://chartavisa.com/visa/bn/etias
BN,Brunei,nz,New Zealand,NZ_ETA,NZeTA,123,NZD,true,72 hours,2 years or until passport expiry,Immigration New Zealand — Request an NZeTA,https://nzeta.immigration.govt.nz/,https://chartavisa.com/visa/bn/nz
BN,Brunei,uk,United Kingdom,UK_ETA,UK ETA,20,GBP,true,72 hours,2 years or until passport expiry,UK Government — Electronic Travel Authorisation,https://www.gov.uk/guidance/apply-for-an-electronic-travel-authorisation-eta,https://chartavisa.com/visa/bn/uk
BN,Brunei,us,United States,ESTA,ESTA,40.27,USD,true,72 hours,2 years or until passport expiry,U.S. Customs and Border Protection (CBP),https://esta.cbp.dhs.gov/,https://chartavisa.com/visa/bn/us
BO,Bolivia,us,United States,DS160,US Visitor Visa (B1/B2),185,USD,true,Varies — embassy interview required,Typically up to 10 years (set at the interview),U.S. Department of State — DS-160 Online Nonimmigrant Visa Application,https://ceac.state.gov/genniv/,https://chartavisa.com/visa/bo/us
BR,Brazil,etias,Schengen Area (ETIAS),ETIAS,ETIAS,20,EUR,false,72 hours,3 years or until passport expiry,European Union — Official ETIAS,https://travel-europe.europa.eu/etias_en,https://chartavisa.com/visa/br/etias
BR,Brazil,nz,New Zealand,NZ_ETA,NZeTA,123,NZD,true,72 hours,2 years or until passport expiry,Immigration New Zealand — Request an NZeTA,https://nzeta.immigration.govt.nz/,https://chartavisa.com/visa/br/nz
BR,Brazil,uk,United Kingdom,UK_ETA,UK ETA,20,GBP,true,72 hours,2 years or until passport expiry,UK Government — Electronic Travel Authorisation,https://www.gov.uk/guidance/apply-for-an-electronic-travel-authorisation-eta,https://chartavisa.com/visa/br/uk
BR,Brazil,us,United States,DS160,US Visitor Visa (B1/B2),185,USD,true,Varies — embassy interview required,Typically up to 10 years (set at the interview),U.S. Department of State — DS-160 Online Nonimmigrant Visa Application,https://ceac.state.gov/genniv/,https://chartavisa.com/visa/br/us
BS,Bahamas,ca,Canada,CANADA_ETA,Canada eTA,7,CAD,true,72 hours,5 years or until passport expiry,Government of Canada — eTA,https://www.canada.ca/en/immigration-refugees-citizenship/services/visit-canada/eta.html,https://chartavisa.com/visa/bs/ca
BS,Bahamas,etias,Schengen Area (ETIAS),ETIAS,ETIAS,20,EUR,false,72 hours,3 years or until passport expiry,European Union — Official ETIAS,https://travel-europe.europa.eu/etias_en,https://chartavisa.com/visa/bs/etias
BS,Bahamas,uk,United Kingdom,UK_ETA,UK ETA,20,GBP,true,72 hours,2 years or until passport expiry,UK Government — Electronic Travel Authorisation,https://www.gov.uk/guidance/apply-for-an-electronic-travel-authorisation-eta,https://chartavisa.com/visa/bs/uk
BS,Bahamas,us,United States,DS160,US Visitor Visa (B1/B2),185,USD,true,Varies — embassy interview required,Typically up to 10 years (set at the interview),U.S. Department of State — DS-160 Online Nonimmigrant Visa Application,https://ceac.state.gov/genniv/,https://chartavisa.com/visa/bs/us
BT,Bhutan,us,United States,DS160,US Visitor Visa (B1/B2),185,USD,true,Varies — embassy interview required,Typically up to 10 years (set at the interview),U.S. Department of State — DS-160 Online Nonimmigrant Visa Application,https://ceac.state.gov/genniv/,https://chartavisa.com/visa/bt/us
BW,Botswana,us,United States,DS160,US Visitor Visa (B1/B2),185,USD,true,Varies — embassy interview required,Typically up to 10 years (set at the interview),U.S. Department of State — DS-160 Online Nonimmigrant Visa Application,https://ceac.state.gov/genniv/,https://chartavisa.com/visa/bw/us
BY,Belarus,us,United States,DS160,US Visitor Visa (B1/B2),185,USD,true,Varies — embassy interview required,Typically up to 10 years (set at the interview),U.S. Department of State — DS-160 Online Nonimmigrant Visa Application,https://ceac.state.gov/genniv/,https://chartavisa.com/visa/by/us
BZ,Belize,uk,United Kingdom,UK_ETA,UK ETA,20,GBP,true,72 hours,2 years or until passport expiry,UK Government — Electronic Travel Authorisation,https://www.gov.uk/guidance/apply-for-an-electronic-travel-authorisation-eta,https://chartavisa.com/visa/bz/uk
BZ,Belize,us,United States,DS160,US Visitor Visa (B1/B2),185,USD,true,Varies — embassy interview required,Typically up to 10 years (set at the interview),U.S. Department of State — DS-160 Online Nonimmigrant Visa Application,https://ceac.state.gov/genniv/,https://chartavisa.com/visa/bz/us
CA,Canada,etias,Schengen Area (ETIAS),ETIAS,ETIAS,20,EUR,false,72 hours,3 years or until passport expiry,European Union — Official ETIAS,https://travel-europe.europa.eu/etias_en,https://chartavisa.com/visa/ca/etias
CA,Canada,nz,New Zealand,NZ_ETA,NZeTA,123,NZD,true,72 hours,2 years or until passport expiry,Immigration New Zealand — Request an NZeTA,https://nzeta.immigration.govt.nz/,https://chartavisa.com/visa/ca/nz
CA,Canada,uk,United Kingdom,UK_ETA,UK ETA,20,GBP,true,72 hours,2 years or until passport expiry,UK Government — Electronic Travel Authorisation,https://www.gov.uk/guidance/apply-for-an-electronic-travel-authorisation-eta,https://chartavisa.com/visa/ca/uk
CD,Congo - Kinshasa,us,United States,DS160,US Visitor Visa (B1/B2),185,USD,true,Varies — embassy interview required,Typically up to 10 years (set at the interview),U.S. Department of State — DS-160 Online Nonimmigrant Visa Application,https://ceac.state.gov/genniv/,https://chartavisa.com/visa/cd/us
CF,Central African Republic,us,United States,DS160,US Visitor Visa (B1/B2),185,USD,true,Varies — embassy interview required,Typically up to 10 years (set at the interview),U.S. Department of State — DS-160 Online Nonimmigrant Visa Application,https://ceac.state.gov/genniv/,https://chartavisa.com/visa/cf/us
CH,Switzerland,ca,Canada,CANADA_ETA,Canada eTA,7,CAD,true,72 hours,5 years or until passport expiry,Government of Canada — eTA,https://www.canada.ca/en/immigration-refugees-citizenship/services/visit-canada/eta.html,https://chartavisa.com/visa/ch/ca
CH,Switzerland,nz,New Zealand,NZ_ETA,NZeTA,123,NZD,true,72 hours,2 years or until passport expiry,Immigration New Zealand — Request an NZeTA,https://nzeta.immigration.govt.nz/,https://chartavisa.com/visa/ch/nz
CH,Switzerland,uk,United Kingdom,UK_ETA,UK ETA,20,GBP,true,72 hours,2 years or until passport expiry,UK Government — Electronic Travel Authorisation,https://www.gov.uk/guidance/apply-for-an-electronic-travel-authorisation-eta,https://chartavisa.com/visa/ch/uk
CH,Switzerland,us,United States,ESTA,ESTA,40.27,USD,true,72 hours,2 years or until passport expiry,U.S. Customs and Border Protection (CBP),https://esta.cbp.dhs.gov/,https://chartavisa.com/visa/ch/us
CL,Chile,ca,Canada,CANADA_ETA,Canada eTA,7,CAD,true,72 hours,5 years or until passport expiry,Government of Canada — eTA,https://www.canada.ca/en/immigration-refugees-citizenship/services/visit-canada/eta.html,https://chartavisa.com/visa/cl/ca
CL,Chile,etias,Schengen Area (ETIAS),ETIAS,ETIAS,20,EUR,false,72 hours,3 years or until passport expiry,European Union — Official ETIAS,https://travel-europe.europa.eu/etias_en,https://chartavisa.com/visa/cl/etias
CL,Chile,nz,New Zealand,NZ_ETA,NZeTA,123,NZD,true,72 hours,2 years or until passport expiry,Immigration New Zealand — Request an NZeTA,https://nzeta.immigration.govt.nz/,https://chartavisa.com/visa/cl/nz
CL,Chile,uk,United Kingdom,UK_ETA,UK ETA,20,GBP,true,72 hours,2 years or until passport expiry,UK Government — Electronic Travel Authorisation,https://www.gov.uk/guidance/apply-for-an-electronic-travel-authorisation-eta,https://chartavisa.com/visa/cl/uk
CL,Chile,us,United States,ESTA,ESTA,40.27,USD,true,72 hours,2 years or until passport expiry,U.S. Customs and Border Protection (CBP),https://esta.cbp.dhs.gov/,https://chartavisa.com/visa/cl/us
CM,Cameroon,us,United States,DS160,US Visitor Visa (B1/B2),185,USD,true,Varies — embassy interview required,Typically up to 10 years (set at the interview),U.S. Department of State — DS-160 Online Nonimmigrant Visa Application,https://ceac.state.gov/genniv/,https://chartavisa.com/visa/cm/us
CN,China,us,United States,DS160,US Visitor Visa (B1/B2),185,USD,true,Varies — embassy interview required,Typically up to 10 years (set at the interview),U.S. Department of State — DS-160 Online Nonimmigrant Visa Application,https://ceac.state.gov/genniv/,https://chartavisa.com/visa/cn/us
CO,Colombia,etias,Schengen Area (ETIAS),ETIAS,ETIAS,20,EUR,false,72 hours,3 years or until passport expiry,European Union — Official ETIAS,https://travel-europe.europa.eu/etias_en,https://chartavisa.com/visa/co/etias
CO,Colombia,us,United States,DS160,US Visitor Visa (B1/B2),185,USD,true,Varies — embassy interview required,Typically up to 10 years (set at the interview),U.S. Department of State — DS-160 Online Nonimmigrant Visa Application,https://ceac.state.gov/genniv/,https://chartavisa.com/visa/co/us
CR,Costa Rica,etias,Schengen Area (ETIAS),ETIAS,ETIAS,20,EUR,false,72 hours,3 years or until passport expiry,European Union — Official ETIAS,https://travel-europe.europa.eu/etias_en,https://chartavisa.com/visa/cr/etias
CR,Costa Rica,uk,United Kingdom,UK_ETA,UK ETA,20,GBP,true,72 hours,2 years or until passport expiry,UK Government — Electronic Travel Authorisation,https://www.gov.uk/guidance/apply-for-an-electronic-travel-authorisation-eta,https://chartavisa.com/visa/cr/uk
CR,Costa Rica,us,United States,DS160,US Visitor Visa (B1/B2),185,USD,true,Varies — embassy interview required,Typically up to 10 years (set at the interview),U.S. Department of State — DS-160 Online Nonimmigrant Visa Application,https://ceac.state.gov/genniv/,https://chartavisa.com/visa/cr/us
CV,Cape Verde,us,United States,DS160,US Visitor Visa (B1/B2),185,USD,true,Varies — embassy interview required,Typically up to 10 years (set at the interview),U.S. Department of State — DS-160 Online Nonimmigrant Visa Application,https://ceac.state.gov/genniv/,https://chartavisa.com/visa/cv/us
CY,Cyprus,ca,Canada,CANADA_ETA,Canada eTA,7,CAD,true,72 hours,5 years or until passport expiry,Government of Canada — eTA,https://www.canada.ca/en/immigration-refugees-citizenship/services/visit-canada/eta.html,https://chartavisa.com/visa/cy/ca
CY,Cyprus,nz,New Zealand,NZ_ETA,NZeTA,123,NZD,true,72 hours,2 years or until passport expiry,Immigration New Zealand — Request an NZeTA,https://nzeta.immigration.govt.nz/,https://chartavisa.com/visa/cy/nz
CY,Cyprus,uk,United Kingdom,UK_ETA,UK ETA,20,GBP,true,72 hours,2 years or until passport expiry,UK Government — Electronic Travel Authorisation,https://www.gov.uk/guidance/apply-for-an-electronic-travel-authorisation-eta,https://chartavisa.com/visa/cy/uk
CY,Cyprus,us,United States,DS160,US Visitor Visa (B1/B2),185,USD,true,Varies — embassy interview required,Typically up to 10 years (set at the interview),U.S. Department of State — DS-160 Online Nonimmigrant Visa Application,https://ceac.state.gov/genniv/,https://chartavisa.com/visa/cy/us
CZ,Czechia,ca,Canada,CANADA_ETA,Canada eTA,7,CAD,true,72 hours,5 years or until passport expiry,Government of Canada — eTA,https://www.canada.ca/en/immigration-refugees-citizenship/services/visit-canada/eta.html,https://chartavisa.com/visa/cz/ca
CZ,Czechia,nz,New Zealand,NZ_ETA,NZeTA,123,NZD,true,72 hours,2 years or until passport expiry,Immigration New Zealand — Request an NZeTA,https://nzeta.immigration.govt.nz/,https://chartavisa.com/visa/cz/nz
CZ,Czechia,uk,United Kingdom,UK_ETA,UK ETA,20,GBP,true,72 hours,2 years or until passport expiry,UK Government — Electronic Travel Authorisation,https://www.gov.uk/guidance/apply-for-an-electronic-travel-authorisation-eta,https://chartavisa.com/visa/cz/uk
CZ,Czechia,us,United States,ESTA,ESTA,40.27,USD,true,72 hours,2 years or until passport expiry,U.S. Customs and Border Protection (CBP),https://esta.cbp.dhs.gov/,https://chartavisa.com/visa/cz/us
DE,Germany,ca,Canada,CANADA_ETA,Canada eTA,7,CAD,true,72 hours,5 years or until passport expiry,Government of Canada — eTA,https://www.canada.ca/en/immigration-refugees-citizenship/services/visit-canada/eta.html,https://chartavisa.com/visa/de/ca
DE,Germany,nz,New Zealand,NZ_ETA,NZeTA,123,NZD,true,72 hours,2 years or until passport expiry,Immigration New Zealand — Request an NZeTA,https://nzeta.immigration.govt.nz/,https://chartavisa.com/visa/de/nz
DE,Germany,uk,United Kingdom,UK_ETA,UK ETA,20,GBP,true,72 hours,2 years or until passport expiry,UK Government — Electronic Travel Authorisation,https://www.gov.uk/guidance/apply-for-an-electronic-travel-authorisation-eta,https://chartavisa.com/visa/de/uk
DE,Germany,us,United States,ESTA,ESTA,40.27,USD,true,72 hours,2 years or until passport expiry,U.S. Customs and Border Protection (CBP),https://esta.cbp.dhs.gov/,https://chartavisa.com/visa/de/us
DJ,Djibouti,us,United States,DS160,US Visitor Visa (B1/B2),185,USD,true,Varies — embassy interview required,Typically up to 10 years (set at the interview),U.S. Department of State — DS-160 Online Nonimmigrant Visa Application,https://ceac.state.gov/genniv/,https://chartavisa.com/visa/dj/us
DK,Denmark,ca,Canada,CANADA_ETA,Canada eTA,7,CAD,true,72 hours,5 years or until passport expiry,Government of Canada — eTA,https://www.canada.ca/en/immigration-refugees-citizenship/services/visit-canada/eta.html,https://chartavisa.com/visa/dk/ca
DK,Denmark,nz,New Zealand,NZ_ETA,NZeTA,123,NZD,true,72 hours,2 years or until passport expiry,Immigration New Zealand — Request an NZeTA,https://nzeta.immigration.govt.nz/,https://chartavisa.com/visa/dk/nz
DK,Denmark,uk,United Kingdom,UK_ETA,UK ETA,20,GBP,true,72 hours,2 years or until passport expiry,UK Government — Electronic Travel Authorisation,https://www.gov.uk/guidance/apply-for-an-electronic-travel-authorisation-eta,https://chartavisa.com/visa/dk/uk
DK,Denmark,us,United States,ESTA,ESTA,40.27,USD,true,72 hours,2 years or until passport expiry,U.S. Customs and Border Protection (CBP),https://esta.cbp.dhs.gov/,https://chartavisa.com/visa/dk/us
DM,Dominica,etias,Schengen Area (ETIAS),ETIAS,ETIAS,20,EUR,false,72 hours,3 years or until passport expiry,European Union — Official ETIAS,https://travel-europe.europa.eu/etias_en,https://chartavisa.com/visa/dm/etias
DO,Dominican Republic,us,United States,DS160,US Visitor Visa (B1/B2),185,USD,true,Varies — embassy interview required,Typically up to 10 years (set at the interview),U.S. Department of State — DS-160 Online Nonimmigrant Visa Application,https://ceac.state.gov/genniv/,https://chartavisa.com/visa/do/us
DZ,Algeria,us,United States,DS160,US Visitor Visa (B1/B2),185,USD,true,Varies — embassy interview required,Typically up to 10 years (set at the interview),U.S. Department of State — DS-160 Online Nonimmigrant Visa Application,https://ceac.state.gov/genniv/,https://chartavisa.com/visa/dz/us
EC,Ecuador,us,United States,DS160,US Visitor Visa (B1/B2),185,USD,true,Varies — embassy interview required,Typically up to 10 years (set at the interview),U.S. Department of State — DS-160 Online Nonimmigrant Visa Application,https://ceac.state.gov/genniv/,https://chartavisa.com/visa/ec/us
EE,Estonia,ca,Canada,CANADA_ETA,Canada eTA,7,CAD,true,72 hours,5 years or until passport expiry,Government of Canada — eTA,https://www.canada.ca/en/immigration-refugees-citizenship/services/visit-canada/eta.html,https://chartavisa.com/visa/ee/ca
EE,Estonia,nz,New Zealand,NZ_ETA,NZeTA,123,NZD,true,72 hours,2 years or until passport expiry,Immigration New Zealand — Request an NZeTA,https://nzeta.immigration.govt.nz/,https://chartavisa.com/visa/ee/nz
EE,Estonia,uk,United Kingdom,UK_ETA,UK ETA,20,GBP,true,72 hours,2 years or until passport expiry,UK Government — Electronic Travel Authorisation,https://www.gov.uk/guidance/apply-for-an-electronic-travel-authorisation-eta,https://chartavisa.com/visa/ee/uk
EE,Estonia,us,United States,ESTA,ESTA,40.27,USD,true,72 hours,2 years or until passport expiry,U.S. Customs and Border Protection (CBP),https://esta.cbp.dhs.gov/,https://chartavisa.com/visa/ee/us
EG,Egypt,us,United States,DS160,US Visitor Visa (B1/B2),185,USD,true,Varies — embassy interview required,Typically up to 10 years (set at the interview),U.S. Department of State — DS-160 Online Nonimmigrant Visa Application,https://ceac.state.gov/genniv/,https://chartavisa.com/visa/eg/us
ES,Spain,ca,Canada,CANADA_ETA,Canada eTA,7,CAD,true,72 hours,5 years or until passport expiry,Government of Canada — eTA,https://www.canada.ca/en/immigration-refugees-citizenship/services/visit-canada/eta.html,https://chartavisa.com/visa/es/ca
ES,Spain,nz,New Zealand,NZ_ETA,NZeTA,123,NZD,true,72 hours,2 years or until passport expiry,Immigration New Zealand — Request an NZeTA,https://nzeta.immigration.govt.nz/,https://chartavisa.com/visa/es/nz
ES,Spain,uk,United Kingdom,UK_ETA,UK ETA,20,GBP,true,72 hours,2 years or until passport expiry,UK Government — Electronic Travel Authorisation,https://www.gov.uk/guidance/apply-for-an-electronic-travel-authorisation-eta,https://chartavisa.com/visa/es/uk
ES,Spain,us,United States,ESTA,ESTA,40.27,USD,true,72 hours,2 years or until passport expiry,U.S. Customs and Border Protection (CBP),https://esta.cbp.dhs.gov/,https://chartavisa.com/visa/es/us
ET,Ethiopia,us,United States,DS160,US Visitor Visa (B1/B2),185,USD,true,Varies — embassy interview required,Typically up to 10 years (set at the interview),U.S. Department of State — DS-160 Online Nonimmigrant Visa Application,https://ceac.state.gov/genniv/,https://chartavisa.com/visa/et/us
FI,Finland,ca,Canada,CANADA_ETA,Canada eTA,7,CAD,true,72 hours,5 years or until passport expiry,Government of Canada — eTA,https://www.canada.ca/en/immigration-refugees-citizenship/services/visit-canada/eta.html,https://chartavisa.com/visa/fi/ca
FI,Finland,nz,New Zealand,NZ_ETA,NZeTA,123,NZD,true,72 hours,2 years or until passport expiry,Immigration New Zealand — Request an NZeTA,https://nzeta.immigration.govt.nz/,https://chartavisa.com/visa/fi/nz
FI,Finland,uk,United Kingdom,UK_ETA,UK ETA,20,GBP,true,72 hours,2 years or until passport expiry,UK Government — Electronic Travel Authorisation,https://www.gov.uk/guidance/apply-for-an-electronic-travel-authorisation-eta,https://chartavisa.com/visa/fi/uk
FI,Finland,us,United States,ESTA,ESTA,40.27,USD,true,72 hours,2 years or until passport expiry,U.S. Customs and Border Protection (CBP),https://esta.cbp.dhs.gov/,https://chartavisa.com/visa/fi/us
FJ,Fiji,us,United States,DS160,US Visitor Visa (B1/B2),185,USD,true,Varies — embassy interview required,Typically up to 10 years (set at the interview),U.S. Department of State — DS-160 Online Nonimmigrant Visa Application,https://ceac.state.gov/genniv/,https://chartavisa.com/visa/fj/us
FM,Micronesia,etias,Schengen Area (ETIAS),ETIAS,ETIAS,20,EUR,false,72 hours,3 years or until passport expiry,European Union — Official ETIAS,https://travel-europe.europa.eu/etias_en,https://chartavisa.com/visa/fm/etias
FM,Micronesia,uk,United Kingdom,UK_ETA,UK ETA,20,GBP,true,72 hours,2 years or until passport expiry,UK Government — Electronic Travel Authorisation,https://www.gov.uk/guidance/apply-for-an-electronic-travel-authorisation-eta,https://chartavisa.com/visa/fm/uk
FR,France,ca,Canada,CANADA_ETA,Canada eTA,7,CAD,true,72 hours,5 years or until passport expiry,Government of Canada — eTA,https://www.canada.ca/en/immigration-refugees-citizenship/services/visit-canada/eta.html,https://chartavisa.com/visa/fr/ca
FR,France,nz,New Zealand,NZ_ETA,NZeTA,123,NZD,true,72 hours,2 years or until passport expiry,Immigration New Zealand — Request an NZeTA,https://nzeta.immigration.govt.nz/,https://chartavisa.com/visa/fr/nz
FR,France,uk,United Kingdom,UK_ETA,UK ETA,20,GBP,true,72 hours,2 years or until passport expiry,UK Government — Electronic Travel Authorisation,https://www.gov.uk/guidance/apply-for-an-electronic-travel-authorisation-eta,https://chartavisa.com/visa/fr/uk
FR,France,us,United States,ESTA,ESTA,40.27,USD,true,72 hours,2 years or until passport expiry,U.S. Customs and Border Protection (CBP),https://esta.cbp.dhs.gov/,https://chartavisa.com/visa/fr/us
GD,Grenada,etias,Schengen Area (ETIAS),ETIAS,ETIAS,20,EUR,false,72 hours,3 years or until passport expiry,European Union — Official ETIAS,https://travel-europe.europa.eu/etias_en,https://chartavisa.com/visa/gd/etias
GD,Grenada,uk,United Kingdom,UK_ETA,UK ETA,20,GBP,true,72 hours,2 years or until passport expiry,UK Government — Electronic Travel Authorisation,https://www.gov.uk/guidance/apply-for-an-electronic-travel-authorisation-eta,https://chartavisa.com/visa/gd/uk
GD,Grenada,us,United States,DS160,US Visitor Visa (B1/B2),185,USD,true,Varies — embassy interview required,Typically up to 10 years (set at the interview),U.S. Department of State — DS-160 Online Nonimmigrant Visa Application,https://ceac.state.gov/genniv/,https://chartavisa.com/visa/gd/us
GE,Georgia,etias,Schengen Area (ETIAS),ETIAS,ETIAS,20,EUR,false,72 hours,3 years or until passport expiry,European Union — Official ETIAS,https://travel-europe.europa.eu/etias_en,https://chartavisa.com/visa/ge/etias
GE,Georgia,us,United States,DS160,US Visitor Visa (B1/B2),185,USD,true,Varies — embassy interview required,Typically up to 10 years (set at the interview),U.S. Department of State — DS-160 Online Nonimmigrant Visa Application,https://ceac.state.gov/genniv/,https://chartavisa.com/visa/ge/us
GH,Ghana,us,United States,DS160,US Visitor Visa (B1/B2),185,USD,true,Varies — embassy interview required,Typically up to 10 years (set at the interview),U.S. Department of State — DS-160 Online Nonimmigrant Visa Application,https://ceac.state.gov/genniv/,https://chartavisa.com/visa/gh/us
GN,Guinea,us,United States,DS160,US Visitor Visa (B1/B2),185,USD,true,Varies — embassy interview required,Typically up to 10 years (set at the interview),U.S. Department of State — DS-160 Online Nonimmigrant Visa Application,https://ceac.state.gov/genniv/,https://chartavisa.com/visa/gn/us
GR,Greece,ca,Canada,CANADA_ETA,Canada eTA,7,CAD,true,72 hours,5 years or until passport expiry,Government of Canada — eTA,https://www.canada.ca/en/immigration-refugees-citizenship/services/visit-canada/eta.html,https://chartavisa.com/visa/gr/ca
GR,Greece,nz,New Zealand,NZ_ETA,NZeTA,123,NZD,true,72 hours,2 years or until passport expiry,Immigration New Zealand — Request an NZeTA,https://nzeta.immigration.govt.nz/,https://chartavisa.com/visa/gr/nz
GR,Greece,uk,United Kingdom,UK_ETA,UK ETA,20,GBP,true,72 hours,2 years or until passport expiry,UK Government — Electronic Travel Authorisation,https://www.gov.uk/guidance/apply-for-an-electronic-travel-authorisation-eta,https://chartavisa.com/visa/gr/uk
GR,Greece,us,United States,ESTA,ESTA,40.27,USD,true,72 hours,2 years or until passport expiry,U.S. Customs and Border Protection (CBP),https://esta.cbp.dhs.gov/,https://chartavisa.com/visa/gr/us
GT,Guatemala,etias,Schengen Area (ETIAS),ETIAS,ETIAS,20,EUR,false,72 hours,3 years or until passport expiry,European Union — Official ETIAS,https://travel-europe.europa.eu/etias_en,https://chartavisa.com/visa/gt/etias
GT,Guatemala,uk,United Kingdom,UK_ETA,UK ETA,20,GBP,true,72 hours,2 years or until passport expiry,UK Government — Electronic Travel Authorisation,https://www.gov.uk/guidance/apply-for-an-electronic-travel-authorisation-eta,https://chartavisa.com/visa/gt/uk
GT,Guatemala,us,United States,DS160,US Visitor Visa (B1/B2),185,USD,true,Varies — embassy interview required,Typically up to 10 years (set at the interview),U.S. Department of State — DS-160 Online Nonimmigrant Visa Application,https://ceac.state.gov/genniv/,https://chartavisa.com/visa/gt/us
GW,Guinea-Bissau,us,United States,DS160,US Visitor Visa (B1/B2),185,USD,true,Varies — embassy interview required,Typically up to 10 years (set at the interview),U.S. Department of State — DS-160 Online Nonimmigrant Visa Application,https://ceac.state.gov/genniv/,https://chartavisa.com/visa/gw/us
GY,Guyana,uk,United Kingdom,UK_ETA,UK ETA,20,GBP,true,72 hours,2 years or until passport expiry,UK Government — Electronic Travel Authorisation,https://www.gov.uk/guidance/apply-for-an-electronic-travel-authorisation-eta,https://chartavisa.com/visa/gy/uk
GY,Guyana,us,United States,DS160,US Visitor Visa (B1/B2),185,USD,true,Varies — embassy interview required,Typically up to 10 years (set at the interview),U.S. Department of State — DS-160 Online Nonimmigrant Visa Application,https://ceac.state.gov/genniv/,https://chartavisa.com/visa/gy/us
HK,Hong Kong SAR China,ca,Canada,CANADA_ETA,Canada eTA,7,CAD,true,72 hours,5 years or until passport expiry,Government of Canada — eTA,https://www.canada.ca/en/immigration-refugees-citizenship/services/visit-canada/eta.html,https://chartavisa.com/visa/hk/ca
HK,Hong Kong SAR China,etias,Schengen Area (ETIAS),ETIAS,ETIAS,20,EUR,false,72 hours,3 years or until passport expiry,European Union — Official ETIAS,https://travel-europe.europa.eu/etias_en,https://chartavisa.com/visa/hk/etias
HK,Hong Kong SAR China,nz,New Zealand,NZ_ETA,NZeTA,123,NZD,true,72 hours,2 years or until passport expiry,Immigration New Zealand — Request an NZeTA,https://nzeta.immigration.govt.nz/,https://chartavisa.com/visa/hk/nz
HK,Hong Kong SAR China,uk,United Kingdom,UK_ETA,UK ETA,20,GBP,true,72 hours,2 years or until passport expiry,UK Government — Electronic Travel Authorisation,https://www.gov.uk/guidance/apply-for-an-electronic-travel-authorisation-eta,https://chartavisa.com/visa/hk/uk
HK,Hong Kong SAR China,us,United States,DS160,US Visitor Visa (B1/B2),185,USD,true,Varies — embassy interview required,Typically up to 10 years (set at the interview),U.S. Department of State — DS-160 Online Nonimmigrant Visa Application,https://ceac.state.gov/genniv/,https://chartavisa.com/visa/hk/us
HN,Honduras,etias,Schengen Area (ETIAS),ETIAS,ETIAS,20,EUR,false,72 hours,3 years or until passport expiry,European Union — Official ETIAS,https://travel-europe.europa.eu/etias_en,https://chartavisa.com/visa/hn/etias
HN,Honduras,us,United States,DS160,US Visitor Visa (B1/B2),185,USD,true,Varies — embassy interview required,Typically up to 10 years (set at the interview),U.S. Department of State — DS-160 Online Nonimmigrant Visa Application,https://ceac.state.gov/genniv/,https://chartavisa.com/visa/hn/us
HR,Croatia,ca,Canada,CANADA_ETA,Canada eTA,7,CAD,true,72 hours,5 years or until passport expiry,Government of Canada — eTA,https://www.canada.ca/en/immigration-refugees-citizenship/services/visit-canada/eta.html,https://chartavisa.com/visa/hr/ca
HR,Croatia,nz,New Zealand,NZ_ETA,NZeTA,123,NZD,true,72 hours,2 years or until passport expiry,Immigration New Zealand — Request an NZeTA,https://nzeta.immigration.govt.nz/,https://chartavisa.com/visa/hr/nz
HR,Croatia,uk,United Kingdom,UK_ETA,UK ETA,20,GBP,true,72 hours,2 years or until passport expiry,UK Government — Electronic Travel Authorisation,https://www.gov.uk/guidance/apply-for-an-electronic-travel-authorisation-eta,https://chartavisa.com/visa/hr/uk
HR,Croatia,us,United States,ESTA,ESTA,40.27,USD,true,72 hours,2 years or until passport expiry,U.S. Customs and Border Protection (CBP),https://esta.cbp.dhs.gov/,https://chartavisa.com/visa/hr/us
HU,Hungary,ca,Canada,CANADA_ETA,Canada eTA,7,CAD,true,72 hours,5 years or until passport expiry,Government of Canada — eTA,https://www.canada.ca/en/immigration-refugees-citizenship/services/visit-canada/eta.html,https://chartavisa.com/visa/hu/ca
HU,Hungary,nz,New Zealand,NZ_ETA,NZeTA,123,NZD,true,72 hours,2 years or until passport expiry,Immigration New Zealand — Request an NZeTA,https://nzeta.immigration.govt.nz/,https://chartavisa.com/visa/hu/nz
HU,Hungary,uk,United Kingdom,UK_ETA,UK ETA,20,GBP,true,72 hours,2 years or until passport expiry,UK Government — Electronic Travel Authorisation,https://www.gov.uk/guidance/apply-for-an-electronic-travel-authorisation-eta,https://chartavisa.com/visa/hu/uk
HU,Hungary,us,United States,ESTA,ESTA,40.27,USD,true,72 hours,2 years or until passport expiry,U.S. Customs and Border Protection (CBP),https://esta.cbp.dhs.gov/,https://chartavisa.com/visa/hu/us
ID,Indonesia,us,United States,DS160,US Visitor Visa (B1/B2),185,USD,true,Varies — embassy interview required,Typically up to 10 years (set at the interview),U.S. Department of State — DS-160 Online Nonimmigrant Visa Application,https://ceac.state.gov/genniv/,https://chartavisa.com/visa/id/us
IE,Ireland,ca,Canada,CANADA_ETA,Canada eTA,7,CAD,true,72 hours,5 years or until passport expiry,Government of Canada — eTA,https://www.canada.ca/en/immigration-refugees-citizenship/services/visit-canada/eta.html,https://chartavisa.com/visa/ie/ca
IE,Ireland,nz,New Zealand,NZ_ETA,NZeTA,123,NZD,true,72 hours,2 years or until passport expiry,Immigration New Zealand — Request an NZeTA,https://nzeta.immigration.govt.nz/,https://chartavisa.com/visa/ie/nz
IE,Ireland,us,United States,ESTA,ESTA,40.27,USD,true,72 hours,2 years or until passport expiry,U.S. Customs and Border Protection (CBP),https://esta.cbp.dhs.gov/,https://chartavisa.com/visa/ie/us
IL,Israel,ca,Canada,CANADA_ETA,Canada eTA,7,CAD,true,72 hours,5 years or until passport expiry,Government of Canada — eTA,https://www.canada.ca/en/immigration-refugees-citizenship/services/visit-canada/eta.html,https://chartavisa.com/visa/il/ca
IL,Israel,etias,Schengen Area (ETIAS),ETIAS,ETIAS,20,EUR,false,72 hours,3 years or until passport expiry,European Union — Official ETIAS,https://travel-europe.europa.eu/etias_en,https://chartavisa.com/visa/il/etias
IL,Israel,nz,New Zealand,NZ_ETA,NZeTA,123,NZD,true,72 hours,2 years or until passport expiry,Immigration New Zealand — Request an NZeTA,https://nzeta.immigration.govt.nz/,https://chartavisa.com/visa/il/nz
IL,Israel,uk,United Kingdom,UK_ETA,UK ETA,20,GBP,true,72 hours,2 years or until passport expiry,UK Government — Electronic Travel Authorisation,https://www.gov.uk/guidance/apply-for-an-electronic-travel-authorisation-eta,https://chartavisa.com/visa/il/uk
IL,Israel,us,United States,ESTA,ESTA,40.27,USD,true,72 hours,2 years or until passport expiry,U.S. Customs and Border Protection (CBP),https://esta.cbp.dhs.gov/,https://chartavisa.com/visa/il/us
IN,India,us,United States,DS160,US Visitor Visa (B1/B2),185,USD,true,Varies — embassy interview required,Typically up to 10 years (set at the interview),U.S. Department of State — DS-160 Online Nonimmigrant Visa Application,https://ceac.state.gov/genniv/,https://chartavisa.com/visa/in/us
IQ,Iraq,us,United States,DS160,US Visitor Visa (B1/B2),185,USD,true,Varies — embassy interview required,Typically up to 10 years (set at the interview),U.S. Department of State — DS-160 Online Nonimmigrant Visa Application,https://ceac.state.gov/genniv/,https://chartavisa.com/visa/iq/us
IS,Iceland,ca,Canada,CANADA_ETA,Canada eTA,7,CAD,true,72 hours,5 years or until passport expiry,Government of Canada — eTA,https://www.canada.ca/en/immigration-refugees-citizenship/services/visit-canada/eta.html,https://chartavisa.com/visa/is/ca
IS,Iceland,nz,New Zealand,NZ_ETA,NZeTA,123,NZD,true,72 hours,2 years or until passport expiry,Immigration New Zealand — Request an NZeTA,https://nzeta.immigration.govt.nz/,https://chartavisa.com/visa/is/nz
IS,Iceland,uk,United Kingdom,UK_ETA,UK ETA,20,GBP,true,72 hours,2 years or until passport expiry,UK Government — Electronic Travel Authorisation,https://www.gov.uk/guidance/apply-for-an-electronic-travel-authorisation-eta,https://chartavisa.com/visa/is/uk
IS,Iceland,us,United States,ESTA,ESTA,40.27,USD,true,72 hours,2 years or until passport expiry,U.S. Customs and Border Protection (CBP),https://esta.cbp.dhs.gov/,https://chartavisa.com/visa/is/us
IT,Italy,ca,Canada,CANADA_ETA,Canada eTA,7,CAD,true,72 hours,5 years or until passport expiry,Government of Canada — eTA,https://www.canada.ca/en/immigration-refugees-citizenship/services/visit-canada/eta.html,https://chartavisa.com/visa/it/ca
IT,Italy,nz,New Zealand,NZ_ETA,NZeTA,123,NZD,true,72 hours,2 years or until passport expiry,Immigration New Zealand — Request an NZeTA,https://nzeta.immigration.govt.nz/,https://chartavisa.com/visa/it/nz
IT,Italy,uk,United Kingdom,UK_ETA,UK ETA,20,GBP,true,72 hours,2 years or until passport expiry,UK Government — Electronic Travel Authorisation,https://www.gov.uk/guidance/apply-for-an-electronic-travel-authorisation-eta,https://chartavisa.com/visa/it/uk
IT,Italy,us,United States,ESTA,ESTA,40.27,USD,true,72 hours,2 years or until passport expiry,U.S. Customs and Border Protection (CBP),https://esta.cbp.dhs.gov/,https://chartavisa.com/visa/it/us
JM,Jamaica,us,United States,DS160,US Visitor Visa (B1/B2),185,USD,true,Varies — embassy interview required,Typically up to 10 years (set at the interview),U.S. Department of State — DS-160 Online Nonimmigrant Visa Application,https://ceac.state.gov/genniv/,https://chartavisa.com/visa/jm/us
JO,Jordan,us,United States,DS160,US Visitor Visa (B1/B2),185,USD,true,Varies — embassy interview required,Typically up to 10 years (set at the interview),U.S. Department of State — DS-160 Online Nonimmigrant Visa Application,https://ceac.state.gov/genniv/,https://chartavisa.com/visa/jo/us
JP,Japan,ca,Canada,CANADA_ETA,Canada eTA,7,CAD,true,72 hours,5 years or until passport expiry,Government of Canada — eTA,https://www.canada.ca/en/immigration-refugees-citizenship/services/visit-canada/eta.html,https://chartavisa.com/visa/jp/ca
JP,Japan,etias,Schengen Area (ETIAS),ETIAS,ETIAS,20,EUR,false,72 hours,3 years or until passport expiry,European Union — Official ETIAS,https://travel-europe.europa.eu/etias_en,https://chartavisa.com/visa/jp/etias
JP,Japan,nz,New Zealand,NZ_ETA,NZeTA,123,NZD,true,72 hours,2 years or until passport expiry,Immigration New Zealand — Request an NZeTA,https://nzeta.immigration.govt.nz/,https://chartavisa.com/visa/jp/nz
JP,Japan,uk,United Kingdom,UK_ETA,UK ETA,20,GBP,true,72 hours,2 years or until passport expiry,UK Government — Electronic Travel Authorisation,https://www.gov.uk/guidance/apply-for-an-electronic-travel-authorisation-eta,https://chartavisa.com/visa/jp/uk
JP,Japan,us,United States,ESTA,ESTA,40.27,USD,true,72 hours,2 years or until passport expiry,U.S. Customs and Border Protection (CBP),https://esta.cbp.dhs.gov/,https://chartavisa.com/visa/jp/us
KE,Kenya,us,United States,DS160,US Visitor Visa (B1/B2),185,USD,true,Varies — embassy interview required,Typically up to 10 years (set at the interview),U.S. Department of State — DS-160 Online Nonimmigrant Visa Application,https://ceac.state.gov/genniv/,https://chartavisa.com/visa/ke/us
KG,Kyrgyzstan,us,United States,DS160,US Visitor Visa (B1/B2),185,USD,true,Varies — embassy interview required,Typically up to 10 years (set at the interview),U.S. Department of State — DS-160 Online Nonimmigrant Visa Application,https://ceac.state.gov/genniv/,https://chartavisa.com/visa/kg/us
KH,Cambodia,us,United States,DS160,US Visitor Visa (B1/B2),185,USD,true,Varies — embassy interview required,Typically up to 10 years (set at the interview),U.S. Department of State — DS-160 Online Nonimmigrant Visa Application,https://ceac.state.gov/genniv/,https://chartavisa.com/visa/kh/us
KI,Kiribati,etias,Schengen Area (ETIAS),ETIAS,ETIAS,20,EUR,false,72 hours,3 years or until passport expiry,European Union — Official ETIAS,https://travel-europe.europa.eu/etias_en,https://chartavisa.com/visa/ki/etias
KI,Kiribati,uk,United Kingdom,UK_ETA,UK ETA,20,GBP,true,72 hours,2 years or until passport expiry,UK Government — Electronic Travel Authorisation,https://www.gov.uk/guidance/apply-for-an-electronic-travel-authorisation-eta,https://chartavisa.com/visa/ki/uk
KI,Kiribati,us,United States,DS160,US Visitor Visa (B1/B2),185,USD,true,Varies — embassy interview required,Typically up to 10 years (set at the interview),U.S. Department of State — DS-160 Online Nonimmigrant Visa Application,https://ceac.state.gov/genniv/,https://chartavisa.com/visa/ki/us
KM,Comoros,us,United States,DS160,US Visitor Visa (B1/B2),185,USD,true,Varies — embassy interview required,Typically up to 10 years (set at the interview),U.S. Department of State — DS-160 Online Nonimmigrant Visa Application,https://ceac.state.gov/genniv/,https://chartavisa.com/visa/km/us
KN,St. Kitts & Nevis,etias,Schengen Area (ETIAS),ETIAS,ETIAS,20,EUR,false,72 hours,3 years or until passport expiry,European Union — Official ETIAS,https://travel-europe.europa.eu/etias_en,https://chartavisa.com/visa/kn/etias
KN,St. Kitts & Nevis,uk,United Kingdom,UK_ETA,UK ETA,20,GBP,true,72 hours,2 years or until passport expiry,UK Government — Electronic Travel Authorisation,https://www.gov.uk/guidance/apply-for-an-electronic-travel-authorisation-eta,https://chartavisa.com/visa/kn/uk
KN,St. Kitts & Nevis,us,United States,DS160,US Visitor Visa (B1/B2),185,USD,true,Varies — embassy interview required,Typically up to 10 years (set at the interview),U.S. Department of State — DS-160 Online Nonimmigrant Visa Application,https://ceac.state.gov/genniv/,https://chartavisa.com/visa/kn/us
KR,South Korea,ca,Canada,CANADA_ETA,Canada eTA,7,CAD,true,72 hours,5 years or until passport expiry,Government of Canada — eTA,https://www.canada.ca/en/immigration-refugees-citizenship/services/visit-canada/eta.html,https://chartavisa.com/visa/kr/ca
KR,South Korea,etias,Schengen Area (ETIAS),ETIAS,ETIAS,20,EUR,false,72 hours,3 years or until passport expiry,European Union — Official ETIAS,https://travel-europe.europa.eu/etias_en,https://chartavisa.com/visa/kr/etias
KR,South Korea,nz,New Zealand,NZ_ETA,NZeTA,123,NZD,true,72 hours,2 years or until passport expiry,Immigration New Zealand — Request an NZeTA,https://nzeta.immigration.govt.nz/,https://chartavisa.com/visa/kr/nz
KR,South Korea,uk,United Kingdom,UK_ETA,UK ETA,20,GBP,true,72 hours,2 years or until passport expiry,UK Government — Electronic Travel Authorisation,https://www.gov.uk/guidance/apply-for-an-electronic-travel-authorisation-eta,https://chartavisa.com/visa/kr/uk
KR,South Korea,us,United States,ESTA,ESTA,40.27,USD,true,72 hours,2 years or until passport expiry,U.S. Customs and Border Protection (CBP),https://esta.cbp.dhs.gov/,https://chartavisa.com/visa/kr/us
KW,Kuwait,nz,New Zealand,NZ_ETA,NZeTA,123,NZD,true,72 hours,2 years or until passport expiry,Immigration New Zealand — Request an NZeTA,https://nzeta.immigration.govt.nz/,https://chartavisa.com/visa/kw/nz
KW,Kuwait,uk,United Kingdom,UK_ETA,UK ETA,20,GBP,true,72 hours,2 years or until passport expiry,UK Government — Electronic Travel Authorisation,https://www.gov.uk/guidance/apply-for-an-electronic-travel-authorisation-eta,https://chartavisa.com/visa/kw/uk
KW,Kuwait,us,United States,DS160,US Visitor Visa (B1/B2),185,USD,true,Varies — embassy interview required,Typically up to 10 years (set at the interview),U.S. Department of State — DS-160 Online Nonimmigrant Visa Application,https://ceac.state.gov/genniv/,https://chartavisa.com/visa/kw/us
KZ,Kazakhstan,us,United States,DS160,US Visitor Visa (B1/B2),185,USD,true,Varies — embassy interview required,Typically up to 10 years (set at the interview),U.S. Department of State — DS-160 Online Nonimmigrant Visa Application,https://ceac.state.gov/genniv/,https://chartavisa.com/visa/kz/us
LB,Lebanon,us,United States,DS160,US Visitor Visa (B1/B2),185,USD,true,Varies — embassy interview required,Typically up to 10 years (set at the interview),U.S. Department of State — DS-160 Online Nonimmigrant Visa Application,https://ceac.state.gov/genniv/,https://chartavisa.com/visa/lb/us
LC,St. Lucia,etias,Schengen Area (ETIAS),ETIAS,ETIAS,20,EUR,false,72 hours,3 years or until passport expiry,European Union — Official ETIAS,https://travel-europe.europa.eu/etias_en,https://chartavisa.com/visa/lc/etias
LC,St. Lucia,us,United States,DS160,US Visitor Visa (B1/B2),185,USD,true,Varies — embassy interview required,Typically up to 10 years (set at the interview),U.S. Department of State — DS-160 Online Nonimmigrant Visa Application,https://ceac.state.gov/genniv/,https://chartavisa.com/visa/lc/us
LI,Liechtenstein,ca,Canada,CANADA_ETA,Canada eTA,7,CAD,true,72 hours,5 years or until passport expiry,Government of Canada — eTA,https://www.canada.ca/en/immigration-refugees-citizenship/services/visit-canada/eta.html,https://chartavisa.com/visa/li/ca
LI,Liechtenstein,nz,New Zealand,NZ_ETA,NZeTA,123,NZD,true,72 hours,2 years or until passport expiry,Immigration New Zealand — Request an NZeTA,https://nzeta.immigration.govt.nz/,https://chartavisa.com/visa/li/nz
LI,Liechtenstein,uk,United Kingdom,UK_ETA,UK ETA,20,GBP,true,72 hours,2 years or until passport expiry,UK Government — Electronic Travel Authorisation,https://www.gov.uk/guidance/apply-for-an-electronic-travel-authorisation-eta,https://chartavisa.com/visa/li/uk
LI,Liechtenstein,us,United States,ESTA,ESTA,40.27,USD,true,72 hours,2 years or until passport expiry,U.S. Customs and Border Protection (CBP),https://esta.cbp.dhs.gov/,https://chartavisa.com/visa/li/us
LK,Sri Lanka,us,United States,DS160,US Visitor Visa (B1/B2),185,USD,true,Varies — embassy interview required,Typically up to 10 years (set at the interview),U.S. Department of State — DS-160 Online Nonimmigrant Visa Application,https://ceac.state.gov/genniv/,https://chartavisa.com/visa/lk/us
LR,Liberia,us,United States,DS160,US Visitor Visa (B1/B2),185,USD,true,Varies — embassy interview required,Typically up to 10 years (set at the interview),U.S. Department of State — DS-160 Online Nonimmigrant Visa Application,https://ceac.state.gov/genniv/,https://chartavisa.com/visa/lr/us
LS,Lesotho,us,United States,DS160,US Visitor Visa (B1/B2),185,USD,true,Varies — embassy interview required,Typically up to 10 years (set at the interview),U.S. Department of State — DS-160 Online Nonimmigrant Visa Application,https://ceac.state.gov/genniv/,https://chartavisa.com/visa/ls/us
LT,Lithuania,ca,Canada,CANADA_ETA,Canada eTA,7,CAD,true,72 hours,5 years or until passport expiry,Government of Canada — eTA,https://www.canada.ca/en/immigration-refugees-citizenship/services/visit-canada/eta.html,https://chartavisa.com/visa/lt/ca
LT,Lithuania,nz,New Zealand,NZ_ETA,NZeTA,123,NZD,true,72 hours,2 years or until passport expiry,Immigration New Zealand — Request an NZeTA,https://nzeta.immigration.govt.nz/,https://chartavisa.com/visa/lt/nz
LT,Lithuania,uk,United Kingdom,UK_ETA,UK ETA,20,GBP,true,72 hours,2 years or until passport expiry,UK Government — Electronic Travel Authorisation,https://www.gov.uk/guidance/apply-for-an-electronic-travel-authorisation-eta,https://chartavisa.com/visa/lt/uk
LT,Lithuania,us,United States,ESTA,ESTA,40.27,USD,true,72 hours,2 years or until passport expiry,U.S. Customs and Border Protection (CBP),https://esta.cbp.dhs.gov/,https://chartavisa.com/visa/lt/us
LU,Luxembourg,ca,Canada,CANADA_ETA,Canada eTA,7,CAD,true,72 hours,5 years or until passport expiry,Government of Canada — eTA,https://www.canada.ca/en/immigration-refugees-citizenship/services/visit-canada/eta.html,https://chartavisa.com/visa/lu/ca
LU,Luxembourg,nz,New Zealand,NZ_ETA,NZeTA,123,NZD,true,72 hours,2 years or until passport expiry,Immigration New Zealand — Request an NZeTA,https://nzeta.immigration.govt.nz/,https://chartavisa.com/visa/lu/nz
LU,Luxembourg,uk,United Kingdom,UK_ETA,UK ETA,20,GBP,true,72 hours,2 years or until passport expiry,UK Government — Electronic Travel Authorisation,https://www.gov.uk/guidance/apply-for-an-electronic-travel-authorisation-eta,https://chartavisa.com/visa/lu/uk
LU,Luxembourg,us,United States,ESTA,ESTA,40.27,USD,true,72 hours,2 years or until passport expiry,U.S. Customs and Border Protection (CBP),https://esta.cbp.dhs.gov/,https://chartavisa.com/visa/lu/us
LV,Latvia,ca,Canada,CANADA_ETA,Canada eTA,7,CAD,true,72 hours,5 years or until passport expiry,Government of Canada — eTA,https://www.canada.ca/en/immigration-refugees-citizenship/services/visit-canada/eta.html,https://chartavisa.com/visa/lv/ca
LV,Latvia,nz,New Zealand,NZ_ETA,NZeTA,123,NZD,true,72 hours,2 years or until passport expiry,Immigration New Zealand — Request an NZeTA,https://nzeta.immigration.govt.nz/,https://chartavisa.com/visa/lv/nz
LV,Latvia,uk,United Kingdom,UK_ETA,UK ETA,20,GBP,true,72 hours,2 years or until passport expiry,UK Government — Electronic Travel Authorisation,https://www.gov.uk/guidance/apply-for-an-electronic-travel-authorisation-eta,https://chartavisa.com/visa/lv/uk
LV,Latvia,us,United States,ESTA,ESTA,40.27,USD,true,72 hours,2 years or until passport expiry,U.S. Customs and Border Protection (CBP),https://esta.cbp.dhs.gov/,https://chartavisa.com/visa/lv/us
MA,Morocco,us,United States,DS160,US Visitor Visa (B1/B2),185,USD,true,Varies — embassy interview required,Typically up to 10 years (set at the interview),U.S. Department of State — DS-160 Online Nonimmigrant Visa Application,https://ceac.state.gov/genniv/,https://chartavisa.com/visa/ma/us
MC,Monaco,ca,Canada,CANADA_ETA,Canada eTA,7,CAD,true,72 hours,5 years or until passport expiry,Government of Canada — eTA,https://www.canada.ca/en/immigration-refugees-citizenship/services/visit-canada/eta.html,https://chartavisa.com/visa/mc/ca
MC,Monaco,nz,New Zealand,NZ_ETA,NZeTA,123,NZD,true,72 hours,2 years or until passport expiry,Immigration New Zealand — Request an NZeTA,https://nzeta.immigration.govt.nz/,https://chartavisa.com/visa/mc/nz
MC,Monaco,uk,United Kingdom,UK_ETA,UK ETA,20,GBP,true,72 hours,2 years or until passport expiry,UK Government — Electronic Travel Authorisation,https://www.gov.uk/guidance/apply-for-an-electronic-travel-authorisation-eta,https://chartavisa.com/visa/mc/uk
MC,Monaco,us,United States,ESTA,ESTA,40.27,USD,true,72 hours,2 years or until passport expiry,U.S. Customs and Border Protection (CBP),https://esta.cbp.dhs.gov/,https://chartavisa.com/visa/mc/us
MD,Moldova,etias,Schengen Area (ETIAS),ETIAS,ETIAS,20,EUR,false,72 hours,3 years or until passport expiry,European Union — Official ETIAS,https://travel-europe.europa.eu/etias_en,https://chartavisa.com/visa/md/etias
MD,Moldova,us,United States,DS160,US Visitor Visa (B1/B2),185,USD,true,Varies — embassy interview required,Typically up to 10 years (set at the interview),U.S. Department of State — DS-160 Online Nonimmigrant Visa Application,https://ceac.state.gov/genniv/,https://chartavisa.com/visa/md/us
ME,Montenegro,etias,Schengen Area (ETIAS),ETIAS,ETIAS,20,EUR,false,72 hours,3 years or until passport expiry,European Union — Official ETIAS,https://travel-europe.europa.eu/etias_en,https://chartavisa.com/visa/me/etias
ME,Montenegro,us,United States,DS160,US Visitor Visa (B1/B2),185,USD,true,Varies — embassy interview required,Typically up to 10 years (set at the interview),U.S. Department of State — DS-160 Online Nonimmigrant Visa Application,https://ceac.state.gov/genniv/,https://chartavisa.com/visa/me/us
MG,Madagascar,us,United States,DS160,US Visitor Visa (B1/B2),185,USD,true,Varies — embassy interview required,Typically up to 10 years (set at the interview),U.S. Department of State — DS-160 Online Nonimmigrant Visa Application,https://ceac.state.gov/genniv/,https://chartavisa.com/visa/mg/us
MH,Marshall Islands,etias,Schengen Area (ETIAS),ETIAS,ETIAS,20,EUR,false,72 hours,3 years or until passport expiry,European Union — Official ETIAS,https://travel-europe.europa.eu/etias_en,https://chartavisa.com/visa/mh/etias
MH,Marshall Islands,uk,United Kingdom,UK_ETA,UK ETA,20,GBP,true,72 hours,2 years or until passport expiry,UK Government — Electronic Travel Authorisation,https://www.gov.uk/guidance/apply-for-an-electronic-travel-authorisation-eta,https://chartavisa.com/visa/mh/uk
MK,North Macedonia,etias,Schengen Area (ETIAS),ETIAS,ETIAS,20,EUR,false,72 hours,3 years or until passport expiry,European Union — Official ETIAS,https://travel-europe.europa.eu/etias_en,https://chartavisa.com/visa/mk/etias
MK,North Macedonia,us,United States,DS160,US Visitor Visa (B1/B2),185,USD,true,Varies — embassy interview required,Typically up to 10 years (set at the interview),U.S. Department of State — DS-160 Online Nonimmigrant Visa Application,https://ceac.state.gov/genniv/,https://chartavisa.com/visa/mk/us
MN,Mongolia,us,United States,DS160,US Visitor Visa (B1/B2),185,USD,true,Varies — embassy interview required,Typically up to 10 years (set at the interview),U.S. Department of State — DS-160 Online Nonimmigrant Visa Application,https://ceac.state.gov/genniv/,https://chartavisa.com/visa/mn/us
MO,Macao SAR China,etias,Schengen Area (ETIAS),ETIAS,ETIAS,20,EUR,false,72 hours,3 years or until passport expiry,European Union — Official ETIAS,https://travel-europe.europa.eu/etias_en,https://chartavisa.com/visa/mo/etias
MO,Macao SAR China,nz,New Zealand,NZ_ETA,NZeTA,123,NZD,true,72 hours,2 years or until passport expiry,Immigration New Zealand — Request an NZeTA,https://nzeta.immigration.govt.nz/,https://chartavisa.com/visa/mo/nz
MO,Macao SAR China,uk,United Kingdom,UK_ETA,UK ETA,20,GBP,true,72 hours,2 years or until passport expiry,UK Government — Electronic Travel Authorisation,https://www.gov.uk/guidance/apply-for-an-electronic-travel-authorisation-eta,https://chartavisa.com/visa/mo/uk
MO,Macao SAR China,us,United States,DS160,US Visitor Visa (B1/B2),185,USD,true,Varies — embassy interview required,Typically up to 10 years (set at the interview),U.S. Department of State — DS-160 Online Nonimmigrant Visa Application,https://ceac.state.gov/genniv/,https://chartavisa.com/visa/mo/us
MT,Malta,ca,Canada,CANADA_ETA,Canada eTA,7,CAD,true,72 hours,5 years or until passport expiry,Government of Canada — eTA,https://www.canada.ca/en/immigration-refugees-citizenship/services/visit-canada/eta.html,https://chartavisa.com/visa/mt/ca
MT,Malta,nz,New Zealand,NZ_ETA,NZeTA,123,NZD,true,72 hours,2 years or until passport expiry,Immigration New Zealand — Request an NZeTA,https://nzeta.immigration.govt.nz/,https://chartavisa.com/visa/mt/nz
MT,Malta,uk,United Kingdom,UK_ETA,UK ETA,20,GBP,true,72 hours,2 years or until passport expiry,UK Government — Electronic Travel Authorisation,https://www.gov.uk/guidance/apply-for-an-electronic-travel-authorisation-eta,https://chartavisa.com/visa/mt/uk
MT,Malta,us,United States,ESTA,ESTA,40.27,USD,true,72 hours,2 years or until passport expiry,U.S. Customs and Border Protection (CBP),https://esta.cbp.dhs.gov/,https://chartavisa.com/visa/mt/us
MU,Mauritius,etias,Schengen Area (ETIAS),ETIAS,ETIAS,20,EUR,false,72 hours,3 years or until passport expiry,European Union — Official ETIAS,https://travel-europe.europa.eu/etias_en,https://chartavisa.com/visa/mu/etias
MU,Mauritius,nz,New Zealand,NZ_ETA,NZeTA,123,NZD,true,72 hours,2 years or until passport expiry,Immigration New Zealand — Request an NZeTA,https://nzeta.immigration.govt.nz/,https://chartavisa.com/visa/mu/nz
MU,Mauritius,uk,United Kingdom,UK_ETA,UK ETA,20,GBP,true,72 hours,2 years or until passport expiry,UK Government — Electronic Travel Authorisation,https://www.gov.uk/guidance/apply-for-an-electronic-travel-authorisation-eta,https://chartavisa.com/visa/mu/uk
MU,Mauritius,us,United States,DS160,US Visitor Visa (B1/B2),185,USD,true,Varies — embassy interview required,Typically up to 10 years (set at the interview),U.S. Department of State — DS-160 Online Nonimmigrant Visa Application,https://ceac.state.gov/genniv/,https://chartavisa.com/visa/mu/us
MV,Maldives,uk,United Kingdom,UK_ETA,UK ETA,20,GBP,true,72 hours,2 years or until passport expiry,UK Government — Electronic Travel Authorisation,https://www.gov.uk/guidance/apply-for-an-electronic-travel-authorisation-eta,https://chartavisa.com/visa/mv/uk
MV,Maldives,us,United States,DS160,US Visitor Visa (B1/B2),185,USD,true,Varies — embassy interview required,Typically up to 10 years (set at the interview),U.S. Department of State — DS-160 Online Nonimmigrant Visa Application,https://ceac.state.gov/genniv/,https://chartavisa.com/visa/mv/us
MX,Mexico,etias,Schengen Area (ETIAS),ETIAS,ETIAS,20,EUR,false,72 hours,3 years or until passport expiry,European Union — Official ETIAS,https://travel-europe.europa.eu/etias_en,https://chartavisa.com/visa/mx/etias
MX,Mexico,nz,New Zealand,NZ_ETA,NZeTA,123,NZD,true,72 hours,2 years or until passport expiry,Immigration New Zealand — Request an NZeTA,https://nzeta.immigration.govt.nz/,https://chartavisa.com/visa/mx/nz
MX,Mexico,uk,United Kingdom,UK_ETA,UK ETA,20,GBP,true,72 hours,2 years or until passport expiry,UK Government — Electronic Travel Authorisation,https://www.gov.uk/guidance/apply-for-an-electronic-travel-authorisation-eta,https://chartavisa.com/visa/mx/uk
MX,Mexico,us,United States,DS160,US Visitor Visa (B1/B2),185,USD,true,Varies — embassy interview required,Typically up to 10 years (set at the interview),U.S. Department of State — DS-160 Online Nonimmigrant Visa Application,https://ceac.state.gov/genniv/,https://chartavisa.com/visa/mx/us
MY,Malaysia,etias,Schengen Area (ETIAS),ETIAS,ETIAS,20,EUR,false,72 hours,3 years or until passport expiry,European Union — Official ETIAS,https://travel-europe.europa.eu/etias_en,https://chartavisa.com/visa/my/etias
MY,Malaysia,nz,New Zealand,NZ_ETA,NZeTA,123,NZD,true,72 hours,2 years or until passport expiry,Immigration New Zealand — Request an NZeTA,https://nzeta.immigration.govt.nz/,https://chartavisa.com/visa/my/nz
MY,Malaysia,uk,United Kingdom,UK_ETA,UK ETA,20,GBP,true,72 hours,2 years or until passport expiry,UK Government — Electronic Travel Authorisation,https://www.gov.uk/guidance/apply-for-an-electronic-travel-authorisation-eta,https://chartavisa.com/visa/my/uk
MY,Malaysia,us,United States,DS160,US Visitor Visa (B1/B2),185,USD,true,Varies — embassy interview required,Typically up to 10 years (set at the interview),U.S. Department of State — DS-160 Online Nonimmigrant Visa Application,https://ceac.state.gov/genniv/,https://chartavisa.com/visa/my/us
MZ,Mozambique,us,United States,DS160,US Visitor Visa (B1/B2),185,USD,true,Varies — embassy interview required,Typically up to 10 years (set at the interview),U.S. Department of State — DS-160 Online Nonimmigrant Visa Application,https://ceac.state.gov/genniv/,https://chartavisa.com/visa/mz/us
NA,Namibia,us,United States,DS160,US Visitor Visa (B1/B2),185,USD,true,Varies — embassy interview required,Typically up to 10 years (set at the interview),U.S. Department of State — DS-160 Online Nonimmigrant Visa Application,https://ceac.state.gov/genniv/,https://chartavisa.com/visa/na/us
NI,Nicaragua,etias,Schengen Area (ETIAS),ETIAS,ETIAS,20,EUR,false,72 hours,3 years or until passport expiry,European Union — Official ETIAS,https://travel-europe.europa.eu/etias_en,https://chartavisa.com/visa/ni/etias
NI,Nicaragua,us,United States,DS160,US Visitor Visa (B1/B2),185,USD,true,Varies — embassy interview required,Typically up to 10 years (set at the interview),U.S. Department of State — DS-160 Online Nonimmigrant Visa Application,https://ceac.state.gov/genniv/,https://chartavisa.com/visa/ni/us
NL,Netherlands,ca,Canada,CANADA_ETA,Canada eTA,7,CAD,true,72 hours,5 years or until passport expiry,Government of Canada — eTA,https://www.canada.ca/en/immigration-refugees-citizenship/services/visit-canada/eta.html,https://chartavisa.com/visa/nl/ca
NL,Netherlands,nz,New Zealand,NZ_ETA,NZeTA,123,NZD,true,72 hours,2 years or until passport expiry,Immigration New Zealand — Request an NZeTA,https://nzeta.immigration.govt.nz/,https://chartavisa.com/visa/nl/nz
NL,Netherlands,uk,United Kingdom,UK_ETA,UK ETA,20,GBP,true,72 hours,2 years or until passport expiry,UK Government — Electronic Travel Authorisation,https://www.gov.uk/guidance/apply-for-an-electronic-travel-authorisation-eta,https://chartavisa.com/visa/nl/uk
NL,Netherlands,us,United States,ESTA,ESTA,40.27,USD,true,72 hours,2 years or until passport expiry,U.S. Customs and Border Protection (CBP),https://esta.cbp.dhs.gov/,https://chartavisa.com/visa/nl/us
NO,Norway,ca,Canada,CANADA_ETA,Canada eTA,7,CAD,true,72 hours,5 years or until passport expiry,Government of Canada — eTA,https://www.canada.ca/en/immigration-refugees-citizenship/services/visit-canada/eta.html,https://chartavisa.com/visa/no/ca
NO,Norway,nz,New Zealand,NZ_ETA,NZeTA,123,NZD,true,72 hours,2 years or until passport expiry,Immigration New Zealand — Request an NZeTA,https://nzeta.immigration.govt.nz/,https://chartavisa.com/visa/no/nz
NO,Norway,uk,United Kingdom,UK_ETA,UK ETA,20,GBP,true,72 hours,2 years or until passport expiry,UK Government — Electronic Travel Authorisation,https://www.gov.uk/guidance/apply-for-an-electronic-travel-authorisation-eta,https://chartavisa.com/visa/no/uk
NO,Norway,us,United States,ESTA,ESTA,40.27,USD,true,72 hours,2 years or until passport expiry,U.S. Customs and Border Protection (CBP),https://esta.cbp.dhs.gov/,https://chartavisa.com/visa/no/us
NP,Nepal,us,United States,DS160,US Visitor Visa (B1/B2),185,USD,true,Varies — embassy interview required,Typically up to 10 years (set at the interview),U.S. Department of State — DS-160 Online Nonimmigrant Visa Application,https://ceac.state.gov/genniv/,https://chartavisa.com/visa/np/us
NR,Nauru,us,United States,DS160,US Visitor Visa (B1/B2),185,USD,true,Varies — embassy interview required,Typically up to 10 years (set at the interview),U.S. Department of State — DS-160 Online Nonimmigrant Visa Application,https://ceac.state.gov/genniv/,https://chartavisa.com/visa/nr/us
NZ,New Zealand,ca,Canada,CANADA_ETA,Canada eTA,7,CAD,true,72 hours,5 years or until passport expiry,Government of Canada — eTA,https://www.canada.ca/en/immigration-refugees-citizenship/services/visit-canada/eta.html,https://chartavisa.com/visa/nz/ca
NZ,New Zealand,etias,Schengen Area (ETIAS),ETIAS,ETIAS,20,EUR,false,72 hours,3 years or until passport expiry,European Union — Official ETIAS,https://travel-europe.europa.eu/etias_en,https://chartavisa.com/visa/nz/etias
NZ,New Zealand,uk,United Kingdom,UK_ETA,UK ETA,20,GBP,true,72 hours,2 years or until passport expiry,UK Government — Electronic Travel Authorisation,https://www.gov.uk/guidance/apply-for-an-electronic-travel-authorisation-eta,https://chartavisa.com/visa/nz/uk
NZ,New Zealand,us,United States,ESTA,ESTA,40.27,USD,true,72 hours,2 years or until passport expiry,U.S. Customs and Border Protection (CBP),https://esta.cbp.dhs.gov/,https://chartavisa.com/visa/nz/us
OM,Oman,nz,New Zealand,NZ_ETA,NZeTA,123,NZD,true,72 hours,2 years or until passport expiry,Immigration New Zealand — Request an NZeTA,https://nzeta.immigration.govt.nz/,https://chartavisa.com/visa/om/nz
OM,Oman,uk,United Kingdom,UK_ETA,UK ETA,20,GBP,true,72 hours,2 years or until passport expiry,UK Government — Electronic Travel Authorisation,https://www.gov.uk/guidance/apply-for-an-electronic-travel-authorisation-eta,https://chartavisa.com/visa/om/uk
OM,Oman,us,United States,DS160,US Visitor Visa (B1/B2),185,USD,true,Varies — embassy interview required,Typically up to 10 years (set at the interview),U.S. Department of State — DS-160 Online Nonimmigrant Visa Application,https://ceac.state.gov/genniv/,https://chartavisa.com/visa/om/us
PA,Panama,etias,Schengen Area (ETIAS),ETIAS,ETIAS,20,EUR,false,72 hours,3 years or until passport expiry,European Union — Official ETIAS,https://travel-europe.europa.eu/etias_en,https://chartavisa.com/visa/pa/etias
PA,Panama,uk,United Kingdom,UK_ETA,UK ETA,20,GBP,true,72 hours,2 years or until passport expiry,UK Government — Electronic Travel Authorisation,https://www.gov.uk/guidance/apply-for-an-electronic-travel-authorisation-eta,https://chartavisa.com/visa/pa/uk
PA,Panama,us,United States,DS160,US Visitor Visa (B1/B2),185,USD,true,Varies — embassy interview required,Typically up to 10 years (set at the interview),U.S. Department of State — DS-160 Online Nonimmigrant Visa Application,https://ceac.state.gov/genniv/,https://chartavisa.com/visa/pa/us
PE,Peru,etias,Schengen Area (ETIAS),ETIAS,ETIAS,20,EUR,false,72 hours,3 years or until passport expiry,European Union — Official ETIAS,https://travel-europe.europa.eu/etias_en,https://chartavisa.com/visa/pe/etias
PE,Peru,uk,United Kingdom,UK_ETA,UK ETA,20,GBP,true,72 hours,2 years or until passport expiry,UK Government — Electronic Travel Authorisation,https://www.gov.uk/guidance/apply-for-an-electronic-travel-authorisation-eta,https://chartavisa.com/visa/pe/uk
PE,Peru,us,United States,DS160,US Visitor Visa (B1/B2),185,USD,true,Varies — embassy interview required,Typically up to 10 years (set at the interview),U.S. Department of State — DS-160 Online Nonimmigrant Visa Application,https://ceac.state.gov/genniv/,https://chartavisa.com/visa/pe/us
PG,Papua New Guinea,ca,Canada,CANADA_ETA,Canada eTA,7,CAD,true,72 hours,5 years or until passport expiry,Government of Canada — eTA,https://www.canada.ca/en/immigration-refugees-citizenship/services/visit-canada/eta.html,https://chartavisa.com/visa/pg/ca
PG,Papua New Guinea,uk,United Kingdom,UK_ETA,UK ETA,20,GBP,true,72 hours,2 years or until passport expiry,UK Government — Electronic Travel Authorisation,https://www.gov.uk/guidance/apply-for-an-electronic-travel-authorisation-eta,https://chartavisa.com/visa/pg/uk
PG,Papua New Guinea,us,United States,DS160,US Visitor Visa (B1/B2),185,USD,true,Varies — embassy interview required,Typically up to 10 years (set at the interview),U.S. Department of State — DS-160 Online Nonimmigrant Visa Application,https://ceac.state.gov/genniv/,https://chartavisa.com/visa/pg/us
PH,Philippines,us,United States,DS160,US Visitor Visa (B1/B2),185,USD,true,Varies — embassy interview required,Typically up to 10 years (set at the interview),U.S. Department of State — DS-160 Online Nonimmigrant Visa Application,https://ceac.state.gov/genniv/,https://chartavisa.com/visa/ph/us
PK,Pakistan,us,United States,DS160,US Visitor Visa (B1/B2),185,USD,true,Varies — embassy interview required,Typically up to 10 years (set at the interview),U.S. Department of State — DS-160 Online Nonimmigrant Visa Application,https://ceac.state.gov/genniv/,https://chartavisa.com/visa/pk/us
PL,Poland,ca,Canada,CANADA_ETA,Canada eTA,7,CAD,true,72 hours,5 years or until passport expiry,Government of Canada — eTA,https://www.canada.ca/en/immigration-refugees-citizenship/services/visit-canada/eta.html,https://chartavisa.com/visa/pl/ca
PL,Poland,nz,New Zealand,NZ_ETA,NZeTA,123,NZD,true,72 hours,2 years or until passport expiry,Immigration New Zealand — Request an NZeTA,https://nzeta.immigration.govt.nz/,https://chartavisa.com/visa/pl/nz
PL,Poland,uk,United Kingdom,UK_ETA,UK ETA,20,GBP,true,72 hours,2 years or until passport expiry,UK Government — Electronic Travel Authorisation,https://www.gov.uk/guidance/apply-for-an-electronic-travel-authorisation-eta,https://chartavisa.com/visa/pl/uk
PL,Poland,us,United States,ESTA,ESTA,40.27,USD,true,72 hours,2 years or until passport expiry,U.S. Customs and Border Protection (CBP),https://esta.cbp.dhs.gov/,https://chartavisa.com/visa/pl/us
PT,Portugal,ca,Canada,CANADA_ETA,Canada eTA,7,CAD,true,72 hours,5 years or until passport expiry,Government of Canada — eTA,https://www.canada.ca/en/immigration-refugees-citizenship/services/visit-canada/eta.html,https://chartavisa.com/visa/pt/ca
PT,Portugal,nz,New Zealand,NZ_ETA,NZeTA,123,NZD,true,72 hours,2 years or until passport expiry,Immigration New Zealand — Request an NZeTA,https://nzeta.immigration.govt.nz/,https://chartavisa.com/visa/pt/nz
PT,Portugal,uk,United Kingdom,UK_ETA,UK ETA,20,GBP,true,72 hours,2 years or until passport expiry,UK Government — Electronic Travel Authorisation,https://www.gov.uk/guidance/apply-for-an-electronic-travel-authorisation-eta,https://chartavisa.com/visa/pt/uk
PT,Portugal,us,United States,ESTA,ESTA,40.27,USD,true,72 hours,2 years or until passport expiry,U.S. Customs and Border Protection (CBP),https://esta.cbp.dhs.gov/,https://chartavisa.com/visa/pt/us
PW,Palau,etias,Schengen Area (ETIAS),ETIAS,ETIAS,20,EUR,false,72 hours,3 years or until passport expiry,European Union — Official ETIAS,https://travel-europe.europa.eu/etias_en,https://chartavisa.com/visa/pw/etias
PW,Palau,uk,United Kingdom,UK_ETA,UK ETA,20,GBP,true,72 hours,2 years or until passport expiry,UK Government — Electronic Travel Authorisation,https://www.gov.uk/guidance/apply-for-an-electronic-travel-authorisation-eta,https://chartavisa.com/visa/pw/uk
PY,Paraguay,etias,Schengen Area (ETIAS),ETIAS,ETIAS,20,EUR,false,72 hours,3 years or until passport expiry,European Union — Official ETIAS,https://travel-europe.europa.eu/etias_en,https://chartavisa.com/visa/py/etias
PY,Paraguay,uk,United Kingdom,UK_ETA,UK ETA,20,GBP,true,72 hours,2 years or until passport expiry,UK Government — Electronic Travel Authorisation,https://www.gov.uk/guidance/apply-for-an-electronic-travel-authorisation-eta,https://chartavisa.com/visa/py/uk
PY,Paraguay,us,United States,DS160,US Visitor Visa (B1/B2),185,USD,true,Varies — embassy interview required,Typically up to 10 years (set at the interview),U.S. Department of State — DS-160 Online Nonimmigrant Visa Application,https://ceac.state.gov/genniv/,https://chartavisa.com/visa/py/us
QA,Qatar,ca,Canada,CANADA_ETA,Canada eTA,7,CAD,true,72 hours,5 years or until passport expiry,Government of Canada — eTA,https://www.canada.ca/en/immigration-refugees-citizenship/services/visit-canada/eta.html,https://chartavisa.com/visa/qa/ca
QA,Qatar,uk,United Kingdom,UK_ETA,UK ETA,20,GBP,true,72 hours,2 years or until passport expiry,UK Government — Electronic Travel Authorisation,https://www.gov.uk/guidance/apply-for-an-electronic-travel-authorisation-eta,https://chartavisa.com/visa/qa/uk
QA,Qatar,us,United States,ESTA,ESTA,40.27,USD,true,72 hours,2 years or until passport expiry,U.S. Customs and Border Protection (CBP),https://esta.cbp.dhs.gov/,https://chartavisa.com/visa/qa/us
RO,Romania,ca,Canada,CANADA_ETA,Canada eTA,7,CAD,true,72 hours,5 years or until passport expiry,Government of Canada — eTA,https://www.canada.ca/en/immigration-refugees-citizenship/services/visit-canada/eta.html,https://chartavisa.com/visa/ro/ca
RO,Romania,nz,New Zealand,NZ_ETA,NZeTA,123,NZD,true,72 hours,2 years or until passport expiry,Immigration New Zealand — Request an NZeTA,https://nzeta.immigration.govt.nz/,https://chartavisa.com/visa/ro/nz
RO,Romania,uk,United Kingdom,UK_ETA,UK ETA,20,GBP,true,72 hours,2 years or until passport expiry,UK Government — Electronic Travel Authorisation,https://www.gov.uk/guidance/apply-for-an-electronic-travel-authorisation-eta,https://chartavisa.com/visa/ro/uk
RO,Romania,us,United States,DS160,US Visitor Visa (B1/B2),185,USD,true,Varies — embassy interview required,Typically up to 10 years (set at the interview),U.S. Department of State — DS-160 Online Nonimmigrant Visa Application,https://ceac.state.gov/genniv/,https://chartavisa.com/visa/ro/us
RS,Serbia,etias,Schengen Area (ETIAS),ETIAS,ETIAS,20,EUR,false,72 hours,3 years or until passport expiry,European Union — Official ETIAS,https://travel-europe.europa.eu/etias_en,https://chartavisa.com/visa/rs/etias
RS,Serbia,us,United States,DS160,US Visitor Visa (B1/B2),185,USD,true,Varies — embassy interview required,Typically up to 10 years (set at the interview),U.S. Department of State — DS-160 Online Nonimmigrant Visa Application,https://ceac.state.gov/genniv/,https://chartavisa.com/visa/rs/us
RU,Russia,us,United States,DS160,US Visitor Visa (B1/B2),185,USD,true,Varies — embassy interview required,Typically up to 10 years (set at the interview),U.S. Department of State — DS-160 Online Nonimmigrant Visa Application,https://ceac.state.gov/genniv/,https://chartavisa.com/visa/ru/us
RW,Rwanda,us,United States,DS160,US Visitor Visa (B1/B2),185,USD,true,Varies — embassy interview required,Typically up to 10 years (set at the interview),U.S. Department of State — DS-160 Online Nonimmigrant Visa Application,https://ceac.state.gov/genniv/,https://chartavisa.com/visa/rw/us
SA,Saudi Arabia,nz,New Zealand,NZ_ETA,NZeTA,123,NZD,true,72 hours,2 years or until passport expiry,Immigration New Zealand — Request an NZeTA,https://nzeta.immigration.govt.nz/,https://chartavisa.com/visa/sa/nz
SA,Saudi Arabia,uk,United Kingdom,UK_ETA,UK ETA,20,GBP,true,72 hours,2 years or until passport expiry,UK Government — Electronic Travel Authorisation,https://www.gov.uk/guidance/apply-for-an-electronic-travel-authorisation-eta,https://chartavisa.com/visa/sa/uk
SA,Saudi Arabia,us,United States,DS160,US Visitor Visa (B1/B2),185,USD,true,Varies — embassy interview required,Typically up to 10 years (set at the interview),U.S. Department of State — DS-160 Online Nonimmigrant Visa Application,https://ceac.state.gov/genniv/,https://chartavisa.com/visa/sa/us
SB,Solomon Islands,ca,Canada,CANADA_ETA,Canada eTA,7,CAD,true,72 hours,5 years or until passport expiry,Government of Canada — eTA,https://www.canada.ca/en/immigration-refugees-citizenship/services/visit-canada/eta.html,https://chartavisa.com/visa/sb/ca
SB,Solomon Islands,etias,Schengen Area (ETIAS),ETIAS,ETIAS,20,EUR,false,72 hours,3 years or until passport expiry,European Union — Official ETIAS,https://travel-europe.europa.eu/etias_en,https://chartavisa.com/visa/sb/etias
SB,Solomon Islands,uk,United Kingdom,UK_ETA,UK ETA,20,GBP,true,72 hours,2 years or until passport expiry,UK Government — Electronic Travel Authorisation,https://www.gov.uk/guidance/apply-for-an-electronic-travel-authorisation-eta,https://chartavisa.com/visa/sb/uk
SB,Solomon Islands,us,United States,DS160,US Visitor Visa (B1/B2),185,USD,true,Varies — embassy interview required,Typically up to 10 years (set at the interview),U.S. Department of State — DS-160 Online Nonimmigrant Visa Application,https://ceac.state.gov/genniv/,https://chartavisa.com/visa/sb/us
SC,Seychelles,etias,Schengen Area (ETIAS),ETIAS,ETIAS,20,EUR,false,72 hours,3 years or until passport expiry,European Union — Official ETIAS,https://travel-europe.europa.eu/etias_en,https://chartavisa.com/visa/sc/etias
SC,Seychelles,nz,New Zealand,NZ_ETA,NZeTA,123,NZD,true,72 hours,2 years or until passport expiry,Immigration New Zealand — Request an NZeTA,https://nzeta.immigration.govt.nz/,https://chartavisa.com/visa/sc/nz
SC,Seychelles,uk,United Kingdom,UK_ETA,UK ETA,20,GBP,true,72 hours,2 years or until passport expiry,UK Government — Electronic Travel Authorisation,https://www.gov.uk/guidance/apply-for-an-electronic-travel-authorisation-eta,https://chartavisa.com/visa/sc/uk
SC,Seychelles,us,United States,DS160,US Visitor Visa (B1/B2),185,USD,true,Varies — embassy interview required,Typically up to 10 years (set at the interview),U.S. Department of State — DS-160 Online Nonimmigrant Visa Application,https://ceac.state.gov/genniv/,https://chartavisa.com/visa/sc/us
SE,Sweden,ca,Canada,CANADA_ETA,Canada eTA,7,CAD,true,72 hours,5 years or until passport expiry,Government of Canada — eTA,https://www.canada.ca/en/immigration-refugees-citizenship/services/visit-canada/eta.html,https://chartavisa.com/visa/se/ca
SE,Sweden,nz,New Zealand,NZ_ETA,NZeTA,123,NZD,true,72 hours,2 years or until passport expiry,Immigration New Zealand — Request an NZeTA,https://nzeta.immigration.govt.nz/,https://chartavisa.com/visa/se/nz
SE,Sweden,uk,United Kingdom,UK_ETA,UK ETA,20,GBP,true,72 hours,2 years or until passport expiry,UK Government — Electronic Travel Authorisation,https://www.gov.uk/guidance/apply-for-an-electronic-travel-authorisation-eta,https://chartavisa.com/visa/se/uk
SE,Sweden,us,United States,ESTA,ESTA,40.27,USD,true,72 hours,2 years or until passport expiry,U.S. Customs and Border Protection (CBP),https://esta.cbp.dhs.gov/,https://chartavisa.com/visa/se/us
SG,Singapore,ca,Canada,CANADA_ETA,Canada eTA,7,CAD,true,72 hours,5 years or until passport expiry,Government of Canada — eTA,https://www.canada.ca/en/immigration-refugees-citizenship/services/visit-canada/eta.html,https://chartavisa.com/visa/sg/ca
SG,Singapore,etias,Schengen Area (ETIAS),ETIAS,ETIAS,20,EUR,false,72 hours,3 years or until passport expiry,European Union — Official ETIAS,https://travel-europe.europa.eu/etias_en,https://chartavisa.com/visa/sg/etias
SG,Singapore,nz,New Zealand,NZ_ETA,NZeTA,123,NZD,true,72 hours,2 years or until passport expiry,Immigration New Zealand — Request an NZeTA,https://nzeta.immigration.govt.nz/,https://chartavisa.com/visa/sg/nz
SG,Singapore,uk,United Kingdom,UK_ETA,UK ETA,20,GBP,true,72 hours,2 years or until passport expiry,UK Government — Electronic Travel Authorisation,https://www.gov.uk/guidance/apply-for-an-electronic-travel-authorisation-eta,https://chartavisa.com/visa/sg/uk
SG,Singapore,us,United States,ESTA,ESTA,40.27,USD,true,72 hours,2 years or until passport expiry,U.S. Customs and Border Protection (CBP),https://esta.cbp.dhs.gov/,https://chartavisa.com/visa/sg/us
SI,Slovenia,ca,Canada,CANADA_ETA,Canada eTA,7,CAD,true,72 hours,5 years or until passport expiry,Government of Canada — eTA,https://www.canada.ca/en/immigration-refugees-citizenship/services/visit-canada/eta.html,https://chartavisa.com/visa/si/ca
SI,Slovenia,nz,New Zealand,NZ_ETA,NZeTA,123,NZD,true,72 hours,2 years or until passport expiry,Immigration New Zealand — Request an NZeTA,https://nzeta.immigration.govt.nz/,https://chartavisa.com/visa/si/nz
SI,Slovenia,uk,United Kingdom,UK_ETA,UK ETA,20,GBP,true,72 hours,2 years or until passport expiry,UK Government — Electronic Travel Authorisation,https://www.gov.uk/guidance/apply-for-an-electronic-travel-authorisation-eta,https://chartavisa.com/visa/si/uk
SI,Slovenia,us,United States,ESTA,ESTA,40.27,USD,true,72 hours,2 years or until passport expiry,U.S. Customs and Border Protection (CBP),https://esta.cbp.dhs.gov/,https://chartavisa.com/visa/si/us
SK,Slovakia,ca,Canada,CANADA_ETA,Canada eTA,7,CAD,true,72 hours,5 years or until passport expiry,Government of Canada — eTA,https://www.canada.ca/en/immigration-refugees-citizenship/services/visit-canada/eta.html,https://chartavisa.com/visa/sk/ca
SK,Slovakia,nz,New Zealand,NZ_ETA,NZeTA,123,NZD,true,72 hours,2 years or until passport expiry,Immigration New Zealand — Request an NZeTA,https://nzeta.immigration.govt.nz/,https://chartavisa.com/visa/sk/nz
SK,Slovakia,uk,United Kingdom,UK_ETA,UK ETA,20,GBP,true,72 hours,2 years or until passport expiry,UK Government — Electronic Travel Authorisation,https://www.gov.uk/guidance/apply-for-an-electronic-travel-authorisation-eta,https://chartavisa.com/visa/sk/uk
SK,Slovakia,us,United States,ESTA,ESTA,40.27,USD,true,72 hours,2 years or until passport expiry,U.S. Customs and Border Protection (CBP),https://esta.cbp.dhs.gov/,https://chartavisa.com/visa/sk/us
SM,San Marino,ca,Canada,CANADA_ETA,Canada eTA,7,CAD,true,72 hours,5 years or until passport expiry,Government of Canada — eTA,https://www.canada.ca/en/immigration-refugees-citizenship/services/visit-canada/eta.html,https://chartavisa.com/visa/sm/ca
SM,San Marino,nz,New Zealand,NZ_ETA,NZeTA,123,NZD,true,72 hours,2 years or until passport expiry,Immigration New Zealand — Request an NZeTA,https://nzeta.immigration.govt.nz/,https://chartavisa.com/visa/sm/nz
SM,San Marino,uk,United Kingdom,UK_ETA,UK ETA,20,GBP,true,72 hours,2 years or until passport expiry,UK Government — Electronic Travel Authorisation,https://www.gov.uk/guidance/apply-for-an-electronic-travel-authorisation-eta,https://chartavisa.com/visa/sm/uk
SM,San Marino,us,United States,ESTA,ESTA,40.27,USD,true,72 hours,2 years or until passport expiry,U.S. Customs and Border Protection (CBP),https://esta.cbp.dhs.gov/,https://chartavisa.com/visa/sm/us
SR,Suriname,us,United States,DS160,US Visitor Visa (B1/B2),185,USD,true,Varies — embassy interview required,Typically up to 10 years (set at the interview),U.S. Department of State — DS-160 Online Nonimmigrant Visa Application,https://ceac.state.gov/genniv/,https://chartavisa.com/visa/sr/us
ST,São Tomé & Príncipe,us,United States,DS160,US Visitor Visa (B1/B2),185,USD,true,Varies — embassy interview required,Typically up to 10 years (set at the interview),U.S. Department of State — DS-160 Online Nonimmigrant Visa Application,https://ceac.state.gov/genniv/,https://chartavisa.com/visa/st/us
SV,El Salvador,etias,Schengen Area (ETIAS),ETIAS,ETIAS,20,EUR,false,72 hours,3 years or until passport expiry,European Union — Official ETIAS,https://travel-europe.europa.eu/etias_en,https://chartavisa.com/visa/sv/etias
SV,El Salvador,us,United States,DS160,US Visitor Visa (B1/B2),185,USD,true,Varies — embassy interview required,Typically up to 10 years (set at the interview),U.S. Department of State — DS-160 Online Nonimmigrant Visa Application,https://ceac.state.gov/genniv/,https://chartavisa.com/visa/sv/us
SZ,Eswatini,us,United States,DS160,US Visitor Visa (B1/B2),185,USD,true,Varies — embassy interview required,Typically up to 10 years (set at the interview),U.S. Department of State — DS-160 Online Nonimmigrant Visa Application,https://ceac.state.gov/genniv/,https://chartavisa.com/visa/sz/us
TH,Thailand,us,United States,DS160,US Visitor Visa (B1/B2),185,USD,true,Varies — embassy interview required,Typically up to 10 years (set at the interview),U.S. Department of State — DS-160 Online Nonimmigrant Visa Application,https://ceac.state.gov/genniv/,https://chartavisa.com/visa/th/us
TJ,Tajikistan,us,United States,DS160,US Visitor Visa (B1/B2),185,USD,true,Varies — embassy interview required,Typically up to 10 years (set at the interview),U.S. Department of State — DS-160 Online Nonimmigrant Visa Application,https://ceac.state.gov/genniv/,https://chartavisa.com/visa/tj/us
TL,Timor-Leste,etias,Schengen Area (ETIAS),ETIAS,ETIAS,20,EUR,false,72 hours,3 years or until passport expiry,European Union — Official ETIAS,https://travel-europe.europa.eu/etias_en,https://chartavisa.com/visa/tl/etias
TL,Timor-Leste,us,United States,DS160,US Visitor Visa (B1/B2),185,USD,true,Varies — embassy interview required,Typically up to 10 years (set at the interview),U.S. Department of State — DS-160 Online Nonimmigrant Visa Application,https://ceac.state.gov/genniv/,https://chartavisa.com/visa/tl/us
TM,Turkmenistan,us,United States,DS160,US Visitor Visa (B1/B2),185,USD,true,Varies — embassy interview required,Typically up to 10 years (set at the interview),U.S. Department of State — DS-160 Online Nonimmigrant Visa Application,https://ceac.state.gov/genniv/,https://chartavisa.com/visa/tm/us
TN,Tunisia,us,United States,DS160,US Visitor Visa (B1/B2),185,USD,true,Varies — embassy interview required,Typically up to 10 years (set at the interview),U.S. Department of State — DS-160 Online Nonimmigrant Visa Application,https://ceac.state.gov/genniv/,https://chartavisa.com/visa/tn/us
TO,Tonga,etias,Schengen Area (ETIAS),ETIAS,ETIAS,20,EUR,false,72 hours,3 years or until passport expiry,European Union — Official ETIAS,https://travel-europe.europa.eu/etias_en,https://chartavisa.com/visa/to/etias
TO,Tonga,uk,United Kingdom,UK_ETA,UK ETA,20,GBP,true,72 hours,2 years or until passport expiry,UK Government — Electronic Travel Authorisation,https://www.gov.uk/guidance/apply-for-an-electronic-travel-authorisation-eta,https://chartavisa.com/visa/to/uk
TR,Türkiye,us,United States,DS160,US Visitor Visa (B1/B2),185,USD,true,Varies — embassy interview required,Typically up to 10 years (set at the interview),U.S. Department of State — DS-160 Online Nonimmigrant Visa Application,https://ceac.state.gov/genniv/,https://chartavisa.com/visa/tr/us
TT,Trinidad & Tobago,etias,Schengen Area (ETIAS),ETIAS,ETIAS,20,EUR,false,72 hours,3 years or until passport expiry,European Union — Official ETIAS,https://travel-europe.europa.eu/etias_en,https://chartavisa.com/visa/tt/etias
TT,Trinidad & Tobago,us,United States,DS160,US Visitor Visa (B1/B2),185,USD,true,Varies — embassy interview required,Typically up to 10 years (set at the interview),U.S. Department of State — DS-160 Online Nonimmigrant Visa Application,https://ceac.state.gov/genniv/,https://chartavisa.com/visa/tt/us
TV,Tuvalu,etias,Schengen Area (ETIAS),ETIAS,ETIAS,20,EUR,false,72 hours,3 years or until passport expiry,European Union — Official ETIAS,https://travel-europe.europa.eu/etias_en,https://chartavisa.com/visa/tv/etias
TV,Tuvalu,uk,United Kingdom,UK_ETA,UK ETA,20,GBP,true,72 hours,2 years or until passport expiry,UK Government — Electronic Travel Authorisation,https://www.gov.uk/guidance/apply-for-an-electronic-travel-authorisation-eta,https://chartavisa.com/visa/tv/uk
TV,Tuvalu,us,United States,DS160,US Visitor Visa (B1/B2),185,USD,true,Varies — embassy interview required,Typically up to 10 years (set at the interview),U.S. Department of State — DS-160 Online Nonimmigrant Visa Application,https://ceac.state.gov/genniv/,https://chartavisa.com/visa/tv/us
TW,Taiwan,ca,Canada,CANADA_ETA,Canada eTA,7,CAD,true,72 hours,5 years or until passport expiry,Government of Canada — eTA,https://www.canada.ca/en/immigration-refugees-citizenship/services/visit-canada/eta.html,https://chartavisa.com/visa/tw/ca
TW,Taiwan,etias,Schengen Area (ETIAS),ETIAS,ETIAS,20,EUR,false,72 hours,3 years or until passport expiry,European Union — Official ETIAS,https://travel-europe.europa.eu/etias_en,https://chartavisa.com/visa/tw/etias
TW,Taiwan,nz,New Zealand,NZ_ETA,NZeTA,123,NZD,true,72 hours,2 years or until passport expiry,Immigration New Zealand — Request an NZeTA,https://nzeta.immigration.govt.nz/,https://chartavisa.com/visa/tw/nz
TW,Taiwan,us,United States,ESTA,ESTA,40.27,USD,true,72 hours,2 years or until passport expiry,U.S. Customs and Border Protection (CBP),https://esta.cbp.dhs.gov/,https://chartavisa.com/visa/tw/us
UA,Ukraine,etias,Schengen Area (ETIAS),ETIAS,ETIAS,20,EUR,false,72 hours,3 years or until passport expiry,European Union — Official ETIAS,https://travel-europe.europa.eu/etias_en,https://chartavisa.com/visa/ua/etias
UA,Ukraine,us,United States,DS160,US Visitor Visa (B1/B2),185,USD,true,Varies — embassy interview required,Typically up to 10 years (set at the interview),U.S. Department of State — DS-160 Online Nonimmigrant Visa Application,https://ceac.state.gov/genniv/,https://chartavisa.com/visa/ua/us
UG,Uganda,us,United States,DS160,US Visitor Visa (B1/B2),185,USD,true,Varies — embassy interview required,Typically up to 10 years (set at the interview),U.S. Department of State — DS-160 Online Nonimmigrant Visa Application,https://ceac.state.gov/genniv/,https://chartavisa.com/visa/ug/us
UK,United Kingdom,ca,Canada,CANADA_ETA,Canada eTA,7,CAD,true,72 hours,5 years or until passport expiry,Government of Canada — eTA,https://www.canada.ca/en/immigration-refugees-citizenship/services/visit-canada/eta.html,https://chartavisa.com/visa/uk/ca
UK,United Kingdom,etias,Schengen Area (ETIAS),ETIAS,ETIAS,20,EUR,false,72 hours,3 years or until passport expiry,European Union — Official ETIAS,https://travel-europe.europa.eu/etias_en,https://chartavisa.com/visa/uk/etias
UK,United Kingdom,nz,New Zealand,NZ_ETA,NZeTA,123,NZD,true,72 hours,2 years or until passport expiry,Immigration New Zealand — Request an NZeTA,https://nzeta.immigration.govt.nz/,https://chartavisa.com/visa/uk/nz
UK,United Kingdom,us,United States,ESTA,ESTA,40.27,USD,true,72 hours,2 years or until passport expiry,U.S. Customs and Border Protection (CBP),https://esta.cbp.dhs.gov/,https://chartavisa.com/visa/uk/us
US,United States,etias,Schengen Area (ETIAS),ETIAS,ETIAS,20,EUR,false,72 hours,3 years or until passport expiry,European Union — Official ETIAS,https://travel-europe.europa.eu/etias_en,https://chartavisa.com/visa/us/etias
US,United States,nz,New Zealand,NZ_ETA,NZeTA,123,NZD,true,72 hours,2 years or until passport expiry,Immigration New Zealand — Request an NZeTA,https://nzeta.immigration.govt.nz/,https://chartavisa.com/visa/us/nz
US,United States,uk,United Kingdom,UK_ETA,UK ETA,20,GBP,true,72 hours,2 years or until passport expiry,UK Government — Electronic Travel Authorisation,https://www.gov.uk/guidance/apply-for-an-electronic-travel-authorisation-eta,https://chartavisa.com/visa/us/uk
UY,Uruguay,etias,Schengen Area (ETIAS),ETIAS,ETIAS,20,EUR,false,72 hours,3 years or until passport expiry,European Union — Official ETIAS,https://travel-europe.europa.eu/etias_en,https://chartavisa.com/visa/uy/etias
UY,Uruguay,nz,New Zealand,NZ_ETA,NZeTA,123,NZD,true,72 hours,2 years or until passport expiry,Immigration New Zealand — Request an NZeTA,https://nzeta.immigration.govt.nz/,https://chartavisa.com/visa/uy/nz
UY,Uruguay,uk,United Kingdom,UK_ETA,UK ETA,20,GBP,true,72 hours,2 years or until passport expiry,UK Government — Electronic Travel Authorisation,https://www.gov.uk/guidance/apply-for-an-electronic-travel-authorisation-eta,https://chartavisa.com/visa/uy/uk
UY,Uruguay,us,United States,DS160,US Visitor Visa (B1/B2),185,USD,true,Varies — embassy interview required,Typically up to 10 years (set at the interview),U.S. Department of State — DS-160 Online Nonimmigrant Visa Application,https://ceac.state.gov/genniv/,https://chartavisa.com/visa/uy/us
UZ,Uzbekistan,us,United States,DS160,US Visitor Visa (B1/B2),185,USD,true,Varies — embassy interview required,Typically up to 10 years (set at the interview),U.S. Department of State — DS-160 Online Nonimmigrant Visa Application,https://ceac.state.gov/genniv/,https://chartavisa.com/visa/uz/us
VA,Vatican City,nz,New Zealand,NZ_ETA,NZeTA,123,NZD,true,72 hours,2 years or until passport expiry,Immigration New Zealand — Request an NZeTA,https://nzeta.immigration.govt.nz/,https://chartavisa.com/visa/va/nz
VA,Vatican City,uk,United Kingdom,UK_ETA,UK ETA,20,GBP,true,72 hours,2 years or until passport expiry,UK Government — Electronic Travel Authorisation,https://www.gov.uk/guidance/apply-for-an-electronic-travel-authorisation-eta,https://chartavisa.com/visa/va/uk
VC,St. Vincent & Grenadines,etias,Schengen Area (ETIAS),ETIAS,ETIAS,20,EUR,false,72 hours,3 years or until passport expiry,European Union — Official ETIAS,https://travel-europe.europa.eu/etias_en,https://chartavisa.com/visa/vc/etias
VC,St. Vincent & Grenadines,uk,United Kingdom,UK_ETA,UK ETA,20,GBP,true,72 hours,2 years or until passport expiry,UK Government — Electronic Travel Authorisation,https://www.gov.uk/guidance/apply-for-an-electronic-travel-authorisation-eta,https://chartavisa.com/visa/vc/uk
VC,St. Vincent & Grenadines,us,United States,DS160,US Visitor Visa (B1/B2),185,USD,true,Varies — embassy interview required,Typically up to 10 years (set at the interview),U.S. Department of State — DS-160 Online Nonimmigrant Visa Application,https://ceac.state.gov/genniv/,https://chartavisa.com/visa/vc/us
VE,Venezuela,etias,Schengen Area (ETIAS),ETIAS,ETIAS,20,EUR,false,72 hours,3 years or until passport expiry,European Union — Official ETIAS,https://travel-europe.europa.eu/etias_en,https://chartavisa.com/visa/ve/etias
VN,Vietnam,us,United States,DS160,US Visitor Visa (B1/B2),185,USD,true,Varies — embassy interview required,Typically up to 10 years (set at the interview),U.S. Department of State — DS-160 Online Nonimmigrant Visa Application,https://ceac.state.gov/genniv/,https://chartavisa.com/visa/vn/us
VU,Vanuatu,us,United States,DS160,US Visitor Visa (B1/B2),185,USD,true,Varies — embassy interview required,Typically up to 10 years (set at the interview),U.S. Department of State — DS-160 Online Nonimmigrant Visa Application,https://ceac.state.gov/genniv/,https://chartavisa.com/visa/vu/us
WS,Samoa,ca,Canada,CANADA_ETA,Canada eTA,7,CAD,true,72 hours,5 years or until passport expiry,Government of Canada — eTA,https://www.canada.ca/en/immigration-refugees-citizenship/services/visit-canada/eta.html,https://chartavisa.com/visa/ws/ca
WS,Samoa,etias,Schengen Area (ETIAS),ETIAS,ETIAS,20,EUR,false,72 hours,3 years or until passport expiry,European Union — Official ETIAS,https://travel-europe.europa.eu/etias_en,https://chartavisa.com/visa/ws/etias
WS,Samoa,uk,United Kingdom,UK_ETA,UK ETA,20,GBP,true,72 hours,2 years or until passport expiry,UK Government — Electronic Travel Authorisation,https://www.gov.uk/guidance/apply-for-an-electronic-travel-authorisation-eta,https://chartavisa.com/visa/ws/uk
WS,Samoa,us,United States,DS160,US Visitor Visa (B1/B2),185,USD,true,Varies — embassy interview required,Typically up to 10 years (set at the interview),U.S. Department of State — DS-160 Online Nonimmigrant Visa Application,https://ceac.state.gov/genniv/,https://chartavisa.com/visa/ws/us
XK,Kosovo,etias,Schengen Area (ETIAS),ETIAS,ETIAS,20,EUR,false,72 hours,3 years or until passport expiry,European Union — Official ETIAS,https://travel-europe.europa.eu/etias_en,https://chartavisa.com/visa/xk/etias
XK,Kosovo,us,United States,DS160,US Visitor Visa (B1/B2),185,USD,true,Varies — embassy interview required,Typically up to 10 years (set at the interview),U.S. Department of State — DS-160 Online Nonimmigrant Visa Application,https://ceac.state.gov/genniv/,https://chartavisa.com/visa/xk/us
ZA,South Africa,us,United States,DS160,US Visitor Visa (B1/B2),185,USD,true,Varies — embassy interview required,Typically up to 10 years (set at the interview),U.S. Department of State — DS-160 Online Nonimmigrant Visa Application,https://ceac.state.gov/genniv/,https://chartavisa.com/visa/za/us
